
## Medications_Reference.md — 1 unmarked paediatric signals (population: mixed)
- L57 · _Antiarrhythmics — the Vaughan-Williams classification_ — > [!danger] **The one that kills: class Ic in structural heart disease.** Flecainide is **contraindicated in p

## Corpus A/01_Cardiovascular.md — 23 unmarked paediatric signals (population: mixed)
- L524 · _0.12.6 Axis deviation_ — | Left axis deviation (LAD) | QRS +ve lead I; −ve leads II, III, aVF | Left anterior hemiblock, LBBB, inferior
- L525 · _0.12.6 Axis deviation_ — | Right axis deviation (RAD) | QRS −ve lead I; +ve leads II, III, aVF | RV hypertrophy, left posterior hemiblo
- L553 · _0.13 Wolff-Parkinson-White (WPW) Syndrome_ — **D:** Congenital cardiac condition arising from an accessory pathway between the atrium and ventricle. Type A
- L585 · _0.16 Long QT Syndrome_ — **D:** Congenital or acquired condition characterised by a prolonged QT interval.
- L591 · _0.16 Long QT Syndrome_ — - Congenital — Jervell-Lange-Nielsen, Romano-Ward
- L604 · _0.16 Long QT Syndrome_ — **Ix:** ECG (*why:* diagnostic — measures QTc; *what:* prolonged QTc, see thresholds above). Bloods — K, Mg, C
- L724 · _0.20.3 Distributive shock_ — > Overall rule: **0.01 mg/kg up to a maximum of 0.5 mg**. See [[09_01_Dermatology_-_Dermatological_Emergencies
- L765 · _0.21 Valvular Heart Disease_ — | **Mx** | AF → anticoagulation. Asymptomatic → monitor with regular echos. Symptomatic → percutaneous mitral 
- L816 · _0.22 Rheumatic Fever_ — > [!note] See [[13_05a_ENT_-_Sore_Throat_and_Tonsillitis]] for the acute GAS pharyngitis management this condi
- L1080 · _0.31 Infective Endocarditis_ — **R:** prior history of IE, prosthetic heart valves, congenital heart disease, heart transplant, sources of ba
- L1107 · _0.31 Infective Endocarditis_ — - **Chronic/long-term:** dental hygiene education and endocarditis-prophylaxis antibiotics before high-risk de
- L1265 · _0.35.4 Antiplatelets_ — **Aspirin:** MOA — irreversible COX1/2 inhibitor. Do not use in <16yo (risk of Reye's syndrome, except in Kawa
- L1460 · _0.37 Pulmonary Hypertension_ — > 1. Pulmonary arterial hypertension (PAH) — idiopathic, heritable, drug/toxin-induced, connective tissue dise
- L1487 · _0.38 Congenital Heart Disease (incl. Coarctation of the Aorta)_ — ## 0.38 Congenital Heart Disease (incl. Coarctation of the Aorta)
- L1489 · _0.38 Congenital Heart Disease (incl. Coarctation of the Aorta)_ — > [!note] Gap-filled from CSV (Cardiology category, High yield) — the source UK notes mention coarctation only
- L1494 · _0.38 Congenital Heart Disease (incl. Coarctation of the Aorta)_ — > **Acyanotic (shunt):** ASD, VSD (most common congenital heart defect overall), PDA
- L1496 · _0.38 Congenital Heart Disease (incl. Coarctation of the Aorta)_ — > **Cyanotic ("5 T's"):** Tetralogy of Fallot (most common cyanotic lesion presenting beyond the neonatal peri
- L1500 · _0.38 Congenital Heart Disease (incl. Coarctation of the Aorta)_ — **S/Smx (coarctation):** may be picked up as neonatal collapse (duct-dependent, presents when the ductus arter
- L1505 · _0.38 Congenital Heart Disease (incl. Coarctation of the Aorta)_ — - **Immediate/acute** (neonatal, duct-dependent): prostaglandin E1 infusion to keep the ductus arteriosus open
- L1507 · _0.38 Congenital Heart Disease (incl. Coarctation of the Aorta)_ — - **Chronic/long-term:** lifelong BP monitoring (recoarctation and persistent HTN are common even after succes
- L1509 · _0.38 Congenital Heart Disease (incl. Coarctation of the Aorta)_ — > [!info] General principles for other congenital lesions
- L1510 · _0.38 Congenital Heart Disease (incl. Coarctation of the Aorta)_ — > Small ASD/VSD/PDA are often managed conservatively with monitoring, as many close spontaneously in childhood
- L1512 · _0.38 Congenital Heart Disease (incl. Coarctation of the Aorta)_ — **P:** with modern surgical/interventional management, most congenital heart disease patients survive to adult

## Corpus A/02_Respiratory.md — 18 unmarked paediatric signals (population: mixed)
- L25 · _0.1 Asthma_ — > - **<5yo:** diagnosis on clinical judgment alone (*why:* young children usually cannot reliably perform spir
- L31 · _0.1 Asthma_ — > 1. **Level 1:** Low-dose budesonide-formoterol taken as needed (anti-inflammatory reliever, AIR-only) — firs
- L38 · _0.1 Asthma_ — > **Mx in individuals 5–12yo:** the Australian Asthma Handbook's 2025 update also revised paediatric asthma di
- L72 · _0.2 COPD_ — **R:** ❗ smoking, ↑age, genetics (alpha-1 antitrypsin deficiency), childhood lung issues
- L249 · _0.6 Bronchiectasis_ — **R:** CF, immunodeficiency, previous infection, congenital disorders of bronchial airways (e.g. Young's syndr
- L257 · _0.6 Bronchiectasis_ — > [!danger] A genuine, severe Australian health equity issue with a striking mortality gap — not a generic epi
- L260 · _0.6 Bronchiectasis_ — > - **A genuinely important, Australian-specific management point**: long-term/maintenance **azithromycin** (g
- L473 · _0.9.4 Mx of latent TB_ — > **How it survived, and it is the second instance of this shape this session.** The verification box above co
- L611 · _0.14 Cystic Fibrosis_ — - Neonatal period (20%): meconium ileus, prolonged jaundice
- L616 · _0.14 Cystic Fibrosis_ — **Other S/Smx:** short stature, diabetes mellitus, delayed puberty, rectal prolapse, nasal polyps, infertility
- L618 · _0.14 Cystic Fibrosis_ — **Screening in newborns:** immunoreactive trypsinogen (IRT) ± 2-stage genetic testing (~29 mutations) on the n
- L620 · _0.14 Cystic Fibrosis_ — **Dx:** sweat test positive if chloride >60 mEq/L (technically challenging test) (*why:* confirms the diagnosi
- L634 · _0.14 Cystic Fibrosis_ — > - **Trikafta (elexacaftor/tezacaftor/ivacaftor + ivacaftor):** the more effective, now-preferred triple-comb
- L672 · _0.16 Acute Bronchitis_ — **A/P:** most commonly viral (similar viruses to the common cold/influenza); occasionally bacterial (*Mycoplas
- L680 · _0.16 Acute Bronchitis_ — - **Antibiotics:** not routinely indicated — most cases are viral; consider only if a bacterial cause is suspe
- L728 · _0.18 Sleep Apnoea (Obstructive Sleep Apnoea, OSA)_ — - Surgery (e.g. tonsillectomy/adenoidectomy in children with adenotonsillar hypertrophy, or more extensive upp
- L819 · _0.22 Cross-references to avoid duplication_ — - **Diphtheria** — primarily an infectious disease/paediatric-immunisation topic (though it can cause upper ai
- L820 · _0.22 Cross-references to avoid duplication_ — - **Paediatric-specific CSV rows** in this category (Acute respiratory infections: LRTI/Bronchiolitis/Croup/Pe

## Corpus A/03_Gastrointestinal.md — 26 unmarked paediatric signals (population: mixed)
- L278 · _0.7 Wilson's Disease_ — **S/Smx (secondary to copper deposition in organs):** onset 10–25yo — children usually present with liver dise
- L328 · _0.9.1 Hepatitis A_ — **R:** travel to endemic areas, consumption of contaminated food/water, MSM, IVDU, childcare centre attendance
- L342 · _0.9.1 Hepatitis A_ — > **Australian risk groups** (broader/different emphasis than the UK list): Aboriginal and Torres Strait Islan
- L350 · _0.9.2 Hepatitis B_ — **R:** perinatal exposure, high-risk sexual behaviours, IVDU, birth in an endemic region, family history, hist
- L359 · _0.9.2 Hepatitis B_ — > - **Why chronicity risk is disproportionately higher**: a greater proportion of HBV transmission in this pop
- L361 · _0.9.2 Hepatitis B_ — > - **A genuinely positive, Australia-specific historical note**: universal infant HBV vaccination actually be
- L385 · _0.9.3 Hepatitis C_ — **R:** needle stick injury (2% transmission), perinatal exposure (6%, higher risk if HIV+ve), high-risk sexual
- L429 · _0.9.6 Autoimmune Hepatitis_ — - **Type I:** ANA and/or anti-smooth muscle antibodies — affects both adults and children
- L430 · _0.9.6 Autoimmune Hepatitis_ — - **Type II:** anti-liver/kidney microsomal type 1 antibodies — affects children only
- L470 · _0.10 Paracetamol Overdose_ — 3. Weigh patient → ≥40kg vs <40kg (if <40kg, look up local paediatric toxicology resource)
- L471 · _0.10 Paracetamol Overdose_ — 4. Calculate mg/kg
- L475 · _0.10 Paracetamol Overdose_ — **Staggered/repeated supratherapeutic overdose:** discuss with the Poisons Information Centre (13 11 26) or a 
- L483 · _0.10 Paracetamol Overdose_ — > - **Bag 1:** 200 mg/kg over 4 hours
- L484 · _0.10 Paracetamol Overdose_ — > - **Bag 2:** 100 mg/kg over 16 hours
- L485 · _0.10 Paracetamol Overdose_ — > - Total: 300mg/kg over 20 hours (note this total dose matches the old regimen, but the AU infusion structure
- L504 · _0.11 Acute Pancreatitis_ — > Idiopathic, Gallstones, Ethanol, Trauma, Steroids, Mumps, Autoimmune, Scorpion sting, Hyperlipidaemia, ERCP,
- L564 · _0.13 Small Bowel Bacterial Overgrowth Syndrome_ — **R:** neonates with congenital GI abnormalities, scleroderma, DM
- L636 · _0.16.1 Crohn's Disease_ — **S/Smx:** non-specific — weight loss, fatigue; diarrhoea ± bloody (if colitis); abdominal pain (especially in
- L755 · _0.17 Coeliac Disease_ — - **Chronic/long-term:** immunisations — pneumococcal vaccine every 5 years (due to hyposplenism — and see [[0
- L788 · _0.18 Appendicitis_ — - Imaging generally not indicated unless diagnostic uncertainty — ↑CRP + clinical picture usually sufficient (
- L795 · _0.18 Appendicitis_ — > [!note] See [[15_08_Paeds_-_Surgical_Abdomen__Appendicitis__Intussusception__Pyloric_Stenosis__Hirschsprung_
- L839 · _0.20.1 Sigmoid and Caecal Volvulus_ — **D:** Twisting of a bowel segment on its mesentery, causing a closed-loop obstruction with risk of vascular c
- L857 · _0.21 Hernias_ — **Divided into:** congenital vs acquired (acquired hernias arise due to abdominal wall weakness from ageing or
- L1259 · _0.34.1 DDx by location_ — - Meckel's diverticulum — children/young adults; painless melaena or haematochezia, "currant jelly" bleeding; 
- L1414 · _0.40 Malabsorption_ — **S/Smx:** steatorrhoea (pale, bulky, offensive, difficult-to-flush stool — from fat malabsorption specificall
- L1461 · _0.42 Faecal Incontinence (Adult)_ — > [!note] Gap-filled from CSV ("Faecal incontinence," found under Renal & Urology in the source spreadsheet, b

## Corpus A/03a_Anaesthetics_Primer.md — 3 unmarked paediatric signals (population: mixed)
- L38 · _Induction of GA_ — - Ketamine — usually in paediatrics; can cause hypertension
- L229 · _Pre-Operative Assessment_ — - **Pregnancy test** — for people of childbearing potential, given the implications for anaesthetic drug choic
- L276 · _Assessment_ — > [!warning] **Patients who cannot self-report are the ones most often under-treated** — advanced dementia, de

## Corpus A/04_Neurology.md — 38 unmarked paediatric signals (population: mixed)
- L31 · _Migraine_ — > **Chronic/long-term (prophylaxis):** propranolol; topiramate (NOT in women of childbearing age — teratogenic
- L521 · _Bacterial Meningitis_ — > - If patient presents at GP, send to hospital ASAP; give IM benzylpenicillin if this does not delay transfer
- L524 · _Bacterial Meningitis_ — > - **Antibiotics + IV dexamethasone + fluids** (for the criteria that justify dexamethasone — frankly purulen
- L529 · _Bacterial Meningitis_ — **Complications:** sensorineural hearing loss (25–35% after pneumococcal meningitis, 5–10% after Hib), seizure
- L537 · _Viral Meningitis_ — **R:** very young or old, immunocompromised, summer/autumn, unvaccinated for mumps, IVDU
- L539 · _Viral Meningitis_ — **A:** non-polio enteroviruses (e.g. coxsackievirus, echovirus), mumps, HSV, CMV, HZV/VZV, HIV, measles
- L567 · _Encephalitis_ — - **Immediate/acute:** hospitalisation + isolation; **IV aciclovir 10mg/kg every 8 hours if suspected encephal
- L569 · _Encephalitis_ — > [!note] **The dose and duration were absent from both encephalitis entries** — this one gave neither, and [[
- L632 · _Toxoplasmosis_ — **R:** immunocompromise (HIV etc.), exposure during pregnancy (risk to child), ingestion of raw/undercooked me
- L642 · _Toxoplasmosis_ — - Congenital: cerebral calcification, hydrocephalus, chorioretinitis, retinopathy, cataracts
- L647 · _Toxoplasmosis_ — - **Immediate/acute (immunosuppressed/congenital cases):** pyrimethamine + sulfadiazine + calcium folinate (≥6
- L776 · _Generalised Tonic-Clonic Seizures (GTCS)_ — > [!info] Verified against TGA safety guidance and Epilepsy Action Australia, Aug 2026 — the underlying clinic
- L777 · _Generalised Tonic-Clonic Seizures (GTCS)_ — > **Mx (GTCS):** males — sodium valproate; females of childbearing potential — lamotrigine or levetiracetam (v
- L786 · _Generalised Seizure Subtypes_ — > [!info] Mx: males — sodium valproate; females of childbearing potential — lamotrigine — same underlying valp
- L798 · _Febrile Convulsions_ — ### Febrile Convulsions
- L799 · _Febrile Convulsions_ — Children 6 months to 5 years old, ~3% of children; occurs early in a viral infection when temperature rises ra
- L841 · _Anticonvulsants / Antiepileptics_ — > [!info] Verified — the adverse effect profiles, mechanisms, and monitoring principles below (LFT/FBC monitor
- L858 · _Anticonvulsants / Antiepileptics_ — - AE: dizziness, ataxia, diplopia, nystagmus, slurred speech, dyskinesia, gingival hyperplasia, hirsutism, coa
- L861 · _Anticonvulsants / Antiepileptics_ — > [!note] Driving standards for epilepsy/seizures are covered under Austroads Driving Standards (Neurological 
- L906 · _Non-cardiac syncope_ — - Reflex anoxic seizures (not a true seizure): syncope in response to pain/emotional stimuli; ?neurally-mediat
- L934 · _Brain Tumours_ — > [!note] This entry covers **adult** brain tumours. The paediatric tumours are a different set — [[15_12b_Pae
- L936 · _Brain Tumours_ — **Pilocytic astrocytoma:** malignancy of the astrocytes ("pilocytic" = hair-like). Most common brain cancer in
- L938 · _Brain Tumours_ — **Medulloblastoma:** most common malignant brain tumour in children, very aggressive. Arises and spreads from 
- L946 · _Brain Tumours_ — **Craniopharyngioma:** most common supratentorial brain tumour in children. Arises from remnants of Rathke's p
- L1073 · _Ischaemic Stroke_ — > **IV thrombolysis:** **tenecteplase (0.25mg/kg, max 25mg) is now used as an alternative to alteplase (0.9mg/
- L1258 · _With objective weakness — perform neurological exam_ — - Congenital myasthenic syndromes
- L1375 · _Guillain-Barré Syndrome (GBS)_ — > The distinction matters because the *reason* for giving it differs completely. In post-exposure use — VZIG, 
- L1473 · _Intracranial Pressure_ — Normal ICP: 7–15 mmHg (higher in adults than children). Cerebral perfusion pressure = mean arterial pressure −
- L1489 · _Raised ICP_ — > [!danger] Cushing's triad (late stage): widening pulse pressure, bradycardia, irregular breathing. **The mec
- L1511 · _Hydrocephalus_ — - **Non-communicating (obstructive) hydrocephalus** — a physical blockage within the ventricular system itself
- L1514 · _Hydrocephalus_ — **A:** congenital (aqueductal stenosis, Chiari malformation, Dandy-Walker malformation, spina bifida with asso
- L1516 · _Hydrocephalus_ — **S/Smx:** depends heavily on the rate of onset and, in children, whether the cranial sutures have fused —
- L1518 · _Hydrocephalus_ — - **Infants (before suture fusion):** the skull can expand to partially accommodate raised pressure, giving a 
- L1519 · _Hydrocephalus_ — - **Chronic/gradual (older children/adults):** may present more insidiously with headache, cognitive change, o
- L1546 · _Head Injury_ — **Secondary brain injuries** occur due to (1) the body's response to the primary injury, and (2) loss of autor
- L1555 · _Head Injury_ — - Maintain cerebral perfusion pressure ≥70 mmHg in adults, 40–70 mmHg in children
- L1723 · _Tuberous Sclerosis_ — **Neuro problems:** developmental delay, epilepsy (infantile spasms), intellectual impairment, retinal hamarto
- L1762 · _Abnormal Involuntary Movements_ — **Tics:** intermittent, stereotypical, repetitive, involuntary movements (e.g. blinking, shrugging). Tourette 

## Corpus A/05_Ophthalmology.md — 26 unmarked paediatric signals (population: mixed)
- L237 · _Colour Vision and Blurred Vision — DDx_ — > [!info] DDx of loss of colour vision (non-congenital)
- L287 · _Anterior Uveitis_ — **Associated with:** ankylosing spondylitis, reactive arthritis, IBD (UC, Crohn's), Behçet's disease, sarcoido
- L385 · _Conjunctivitis_ — **R:** exposure to an infected person (or public areas with increased risk), environmental irritants or allerg
- L389 · _Conjunctivitis_ — **Ix:** cultures only needed if gonorrhoea/chlamydia suspected, neonatal, or recurrent/refractory (*why:* most
- L475 · _Ophthalmic Shingles_ — **D:** Herpes zoster ophthalmicus (HZO). VZV usually affects children (chickenpox), then lies dormant, usually
- L485 · _Ophthalmic Shingles_ — > [!info] General (non-ophthalmic) varicella zoster/chickenpox and shingles content is now built in [[09_07_De
- L491 · _Other Issues with the External Eye_ — **Ptosis:** abnormally low upper lid when the patient looks forward. A: congenital (absent nerve to levator mu
- L561 · _Ametropia (Refractive Error)_ — - **Myopia (short-sightedness):** the eye is too long (or the cornea/lens too powerful) for its focal length, 
- L566 · _Ametropia (Refractive Error)_ — **S/Smx:** blurred vision at a characteristic distance per the type above; squinting (which narrows the apertu
- L599 · _Cataracts_ — **S/Smx:** clouded, blurred vision (painless); decreased distance judgment (reduced stereopsis); ± dazzle, ± m
- L677 · _Orbital and Peri-Orbital Cellulitis_ — **R:** sinusitis, young age (7–12yo), M>F, lack of Hib vaccination in children, facial infection
- L694 · _Orbital and Peri-Orbital Cellulitis_ — - **Chronic/long-term:** address the underlying source where identifiable (e.g. sinusitis management) to preve
- L704 · _Concomitant (Non-Paralytic) Squint_ — **R:** family history, prematurity, low birth weight, maternal smoking during pregnancy
- L713 · _Concomitant (Non-Paralytic) Squint_ — - Corneal reflection (*why:* a simple bedside screening test suitable for young children; *what:* bright light
- L714 · _Concomitant (Non-Paralytic) Squint_ — - Cover test (*why:* the definitive clinical test for confirming and characterising a squint; *what:* ask the 
- L735 · _Paralytic Squint_ — - All: trauma, stroke (ischaemic or haemorrhagic), tumour, congenital, DM
- L750 · _Amblyopia ("Lazy Eye")_ — **D:** reduced visual acuity in one (occasionally both) eyes caused by abnormal visual development in early ch
- L755 · _Amblyopia ("Lazy Eye")_ — - **Deprivation amblyopia** — anything physically blocking a clear image reaching the retina during the critic
- L757 · _Amblyopia ("Lazy Eye")_ — **S/Smx:** often asymptomatic to the child/parent, particularly if unilateral (the better eye compensates, so 
- L759 · _Amblyopia ("Lazy Eye")_ — **Ix:** visual acuity testing (age-appropriate — e.g. Snellen for older children, picture/symbol charts for yo
- L762 · _Amblyopia ("Lazy Eye")_ — - **Definitive (genuinely time-critical, unlike most of the conditions in this file — treatment effectiveness 
- L766 · _Amblyopia ("Lazy Eye")_ — **P:** outcomes are strongly age-dependent — treatment started earlier in the critical period achieves substan
- L794 · _Horner Syndrome_ — **Ophthalmology-specific note:** congenital Horner's syndrome specifically includes iris heterochromia (the af
- L836 · _Xerophthalmia_ — **D:** dry eyes associated with vitamin A deficiency; affects 40 million children worldwide.
- L858 · _Trachoma_ — > **Screening:** WHO grading criteria are used; a community is classified as "at-risk" and eligible for the pr
- L861 · _Trachoma_ — **S**urgery (for trichiasis — correcting the inward-turned eyelashes before they cause further corneal damage)

## Corpus A/06_Metabolic_Medicine_and_Endocrinology.md — 16 unmarked paediatric signals (population: mixed)
- L82 · _0.2 Hyperthyroidism_ — - Gestational hyperthyroidism
- L255 · _0.8 Acromegaly_ — **D:** disease resulting from excess growth hormone. Gigantism = onset in childhood, before epiphyseal closure
- L257 · _0.8 Acromegaly_ — > [!info] Gap-filled — the timing rule ("before epiphyseal closure") was stated without explaining why it prod
- L349 · _0.12 Vitamin D Deficiency_ — - **S/Smx:** often asymptomatic and picked up incidentally; when symptomatic — bone pain, **muscle pain/myalgi
- L379 · _0.13 Prolactinoma_ — > [!note] HbA1c may be inaccurate in: haemoglobinopathies (e.g. sickle cell), haemolytic anaemia, untreated ir
- L389 · _0.14 Hypopituitarism_ — **A:** pituitary macroadenoma (most common — via direct destruction or compression of normal pituitary tissue,
- L393 · _0.14 Hypopituitarism_ — - **GH deficiency:** fatigue, reduced muscle mass, central adiposity (adults) — often subtle/non-specific in a
- L402 · _0.14 Hypopituitarism_ — - **Definitive/chronic:** hormone replacement for each deficient axis — hydrocortisone for ACTH deficiency (se
- L456 · _0.15.2 Type 2 Diabetes Mellitus (T2DM)_ — > [!danger] A genuine, severe Australian health equity issue with a specific, actionable screening-tool except
- L548 · _0.15.7 Perioperative Diabetes Management_ — > [!note] MODY 1/2/3 are autosomal dominant inherited forms of diabetes with onset between the 2nd and 5th dec
- L618 · _0.16 Diabetic Ketoacidosis (DKA)_ — **Complications:** ARDS, AKI, gastric stasis, VTE, arrhythmias (secondary to hyper/hypokalaemia), cerebral oed
- L620 · _0.16 Diabetic Ketoacidosis (DKA)_ — > [!warning] **This entry is the adult protocol. Do not apply it to a child.** [[15_16b_Paeds_-_Diabetes_Melli
- L670 · _0.18 Hypoglycaemia_ — > [!note] **Paediatric hypoglycaemia is a different threshold and a different dose.** [[15_16b_Paeds_-_Diabete
- L766 · _0.20.5 Renal Tubular Acidosis (RTA)_ — > [!note] Congenital RTA: growth retardation, muscle weakness, failure to thrive, fructose intolerance (hypogl
- L882 · _0.24.1 Hyperkalaemia_ — > [!info] Verified — the core drug doses below (calcium gluconate, insulin+glucose regimen, salbutamol) are co
- L892 · _0.24.1 Hyperkalaemia_ — > [!danger] **The box above states these doses are consistent with Australian *paediatric and adult* critical 

## Corpus A/07_Renal_Medicine_and_Urology.md — 7 unmarked paediatric signals (population: mixed)
- L92 · _0.2.1 Staging_ — > [!danger] A genuine, severe Australian health equity issue — not a generic epidemiological footnote. **Abori
- L174 · _0.3 Polycystic Kidney Disease (PKD)_ — **A:** **Autosomal dominant PKD (ADPKD)** — by far the most common inherited kidney disease; mutations in *PKD
- L199 · _0.4 Nephritic vs Nephrotic Syndrome_ — | **Examples** | GN associated with infections, Goodpasture syndrome, IgA nephropathy, Alport syndrome, membra
- L401 · _0.11.6 Balanoposthitis_ — **R:** congenital or acquired dysfunctional foreskin, uncircumcised state, poor hygiene, over-washing, HPV
- L456 · _0.13 Incontinence_ — - **Stress incontinence** — leakage with increased intra-abdominal pressure (coughing, sneezing, laughing, exe
- L732 · _0.20 Testicular Torsion_ — **R:** <25yo (peak incidence 13–15yo), neonates (a separate, less common presentation — extravaginal torsion),
- L784 · _0.22 Testicular Lumps_ — | **R** | M>F, ↑age, family history, prematurity, anatomical defects, ↑abdominal pressure | Prematurity, low b

## Corpus A/08_01-03_Infectious_Disease_-_Bacterial_Infections.md — 31 unmarked paediatric signals (population: mixed)
- L77 · _Escherichia coli_ — - Antigens: O (lipopolysaccharide); K (capsule) — associated with neonatal meningitis; H (flagellin).
- L123 · _Acute epiglottitis_ — > [!note] Fuller entry, including the organism list and the antibiotic choice: [[13_05b_ENT_-_Stridor__Croup__
- L250 · _Tetanus_ — - **Chronic/long-term:** recovery can take weeks given the toxin's effect resolves only as new neurotransmissi
- L265 · _Other Clostridia_ — *(Listeria as a standalone entry — including maternal listeriosis and food-borne transmission in pregnancy — i
- L275 · _Streptococcus_ — | Group B Strep (*S. agalactiae*) | β-haemolytic (full) | Neonatal sepsis (mother-to-child) |
- L279 · _Scarlet fever_ — - **A/P:** *Strep pyogenes* (GAS). Spread by respiratory droplets or direct contact with nose/throat discharge
- L291 · _Scarlet fever_ — - **Mx:** PO penicillin V ×10 days, or azithromycin/clarithromycin. Children can return to school 24h after st
- L314 · _Group B Strep (*Streptococcus agalactiae*)_ — - Mother-to-child transmission; 20–40% of mothers carry GBS in bowel flora.
- L315 · _Group B Strep (*Streptococcus agalactiae*)_ — - **R (transmission risk factors):** premature birth, prolonged rupture of membranes, previous sibling with GB
- L316 · _Group B Strep (*Streptococcus agalactiae*)_ — - **Mx:** benzylpenicillin — **the dosing regimen is owned by [[16_06-07_Ante-Perinatal_Infections]]** (benzyl
- L318 · _Group B Strep (*Streptococcus agalactiae*)_ — > [!info] Verified against RANZCOG's Group B Streptococcus guideline (updated 2019) and the Australian Governm
- L326 · _Group B Strep (*Streptococcus agalactiae*)_ — > - Preterm labour: offer IAP regardless of GBS status.
- L334 · _Notifiable Diseases (Australia)_ — > The NNDSS coordinates surveillance of **>70 diseases nationally**, organised into **8 categories** rather th
- L336 · _Vaccination Schedule (Australia — National Immunisation Program)_ — ## Vaccination Schedule (Australia — National Immunisation Program)
- L338 · _Vaccination Schedule (Australia — National Immunisation Program)_ — > [!info] Verified against the National Immunisation Program (NIP) Schedule, current from May 2026 (health.gov
- L343 · _Vaccination Schedule (Australia — National Immunisation Program)_ — | 6 weeks–2 months | Diphtheria/tetanus/pertussis/hep B/polio/Hib (hexavalent), rotavirus (1st dose — must be 
- L344 · _Vaccination Schedule (Australia — National Immunisation Program)_ — | 4 months | Diphtheria/tetanus/pertussis/hep B/polio/Hib (hexavalent), rotavirus (2nd dose — must be given by
- L345 · _Vaccination Schedule (Australia — National Immunisation Program)_ — | 6 months | Diphtheria/tetanus/pertussis/hep B/polio/Hib (hexavalent) |
- L347 · _Vaccination Schedule (Australia — National Immunisation Program)_ — | 12 months | Meningococcal ACWY, MMR, pneumococcal |
- L348 · _Vaccination Schedule (Australia — National Immunisation Program)_ — | 18 months | **Hib** ⚠️ *(see note below)*, MMR + varicella (combined), diphtheria/tetanus/pertussis |
- L349 · _Vaccination Schedule (Australia — National Immunisation Program)_ — | 4 years | Diphtheria/tetanus/pertussis/polio |
- L350 · _Vaccination Schedule (Australia — National Immunisation Program)_ — | 12–13 years (Year 7) | **HPV — single dose** (Gardasil 9; catch-up available to age 25 if missed), diphtheri
- L352 · _Vaccination Schedule (Australia — National Immunisation Program)_ — | Pregnancy | Pertussis (single dose each pregnancy, ideally 20–32 weeks), influenza (any stage, every pregnan
- L359 · _Vaccination Schedule (Australia — National Immunisation Program)_ — > [!warning] **Hib booster timing is unresolved between this schedule and the one in [[15_24b_Paeds_-_Screenin
- L366 · _Influenza vaccination_ — > **Children:** injectable inactivated vaccine (not the UK's intranasal live vaccine, which is not the Austral
- L375 · _Passive Immunisation — Immunoglobulin After an Exposure_ — > [!note] Gap-filled during the abbreviation triage that followed the `undefined_terms.py` run (2026-08-29), a
- L387 · _Passive Immunisation — Immunoglobulin After an Exposure_ — > 1. **It is time-critical, and the windows are short.** There is no point giving antibody after the pathogen 
- L389 · _Passive Immunisation — Immunoglobulin After an Exposure_ — > 3. **It blunts live vaccines.** Circulating antibody neutralises a live vaccine virus before it can replicat
- L393 · _Passive Immunisation — Immunoglobulin After an Exposure_ — > 2. **Immunomodulation** — **high-dose IVIG** in Guillain-Barré, CIDP, myasthenic crisis, ITP and Kawasaki di
- L398 · _Passive Immunisation — Immunoglobulin After an Exposure_ — > [!info] **Why the products are specific rather than interchangeable.** *Normal* (pooled) immunoglobulin cont
- L404 · _Passive Immunisation — Immunoglobulin After an Exposure_ — **Cross-reference:** Vaccination Schedule (Australia — National Immunisation Program) above in this file for t

## Corpus A/08_05-06_Infectious_Disease_-_Viral_Infections.md — 26 unmarked paediatric signals (population: mixed)
- L13 · _Cytomegalovirus (CMV)_ — - **Ix:** CMV PCR (blood, or the relevant affected site — e.g. CSF, aqueous/vitreous fluid) (*why:* the standa
- L14 · _Cytomegalovirus (CMV)_ — - **Congenital CMV:** growth retardation, pinpoint petechial "blueberry muffin" skin lesions, microcephaly, se
- L43 · _Infectious mononucleosis_ — - **A/P:** Epstein-Barr virus (HHV4) in 90% of cases. Adolescents and young adults.
- L61 · _Mumps_ — ## Mumps
- L70 · _Mumps_ — - **Mx:** MMR prevents in 80% of cases; rest, analgesia.
- L72 · _Mumps_ — - Orchitis — 25–35% of post-pubertal males, 4–5 days after parotitis starts.
- L88 · _DDx of acute gastroenteritis-type illness_ — | Rotavirus | Similar to norovirus, tends to affect children <5 years old |
- L92 · _Measles_ — ## Measles
- L110 · _Measles_ — - Febrile convulsions.
- L115 · _Measles_ — - If an unimmunised child contacts measles, offer MMR — vaccine-induced antibodies develop faster than a natur
- L127 · _Herpes simplex virus (HSV)_ — - **Pregnancy:** inform doctor. Elective C-section if the primary episode occurs **within 6 weeks of the due d
- L133 · _Rabies_ — - **A/P:** RNA rhabdovirus. Dog, rat, raccoon, skunk bites. Rural areas of Africa and Asia — especially childr
- L140 · _Rubella (German measles)_ — ## Rubella (German measles)
- L150 · _Rubella (German measles)_ — > [!danger] Congenital rubella syndrome — sensorineural deafness, congenital cataracts, congenital heart disea
- L154 · _Rubella (German measles)_ — > [!warning] Notifiable disease. Offer MMR in the post-natal period — do NOT offer before or during pregnancy 
- L214 · _Opportunistic infections by CD4 count_ — *Notes: Toxoplasmosis (protozoan) — see [[04_Neurology]] Toxoplasmosis (under CNS Infections Associated with I
- L226 · _Mpox (formerly monkeypox)_ — - **Definitive (severe disease or high risk of severe disease only):** **tecovirimat** — available in Australi
- L233 · _Parvovirus B19 (erythema infectiosum / slapped cheek syndrome)_ — - **S/Smx:** mild fever; rose-red rash on cheeks (peaks after a week, heat triggers rash — once rash appears t
- L244 · _Hand, foot and mouth disease (HFMD)_ — - **Mx:** symptomatic — analgesia and hydration. Children do not need exclusion from school unless unwell. Rea
- L246 · _Hand, foot and mouth disease (HFMD)_ — *(See [[15_03a_Paeds_-_Childhood_Viral_Exanthems]] Hand, foot and mouth disease (HFMD) for the paediatric-spec
- L252 · _Viral exanthemata ("numbered" rashes)_ — | First | Measles |
- L254 · _Viral exanthemata ("numbered" rashes)_ — | Third | Rubella |
- L257 · _Viral exanthemata ("numbered" rashes)_ — | Sixth | Roseola infantum (see [[15_03a_Paeds_-_Childhood_Viral_Exanthems]] Roseola infantum (exanthem subitu
- L259 · _Viral exanthemata ("numbered" rashes)_ — *(See [[15_03b_Paeds_-_HIV_in_Children]] for HIV in children)*
- L268 · _Influenza_ — - **S/Smx:** ranges from mild upper respiratory symptoms to a more systemic illness — fever (classically abrup
- L272 · _Influenza_ — - **Antiviral treatment (neuraminidase inhibitors — oseltamivir first-line, or zanamivir/baloxavir):** **most 

## Corpus A/08_07_Infectious_Disease_-_Protozoan_Infections.md — 3 unmarked paediatric signals (population: mixed)
- L12 · _0.1 Amoebiasis_ — - **A/P:** protozoan *Entamoeba histolytica*. Faecal-oral route. Affects children; 10% of the world has chroni
- L22 · _0.2 Cryptosporidiosis_ — - **A/P:** *Cryptosporidium hominis*, *Cryptosporidium parvum*. Faecal-oral route. Young children and the immu
- L62 · _0.6.1 Plasmodium falciparum_ — - **Definitive:** complete the full ACT course; shock in a patient with malaria should specifically prompt con

## Corpus A/08_08_Infectious_Disease_-_Genitourinary_Infections_and_STIs.md — 9 unmarked paediatric signals (population: mixed)
- L26 · _Taking a sexual history_ — > [!tip] **How to ask, since the barrier here is almost never knowledge.** Normalise before you ask — *"I ask 
- L76 · _Bacterial vaginosis_ — - **Complications in pregnancy:** preterm labour, low birth weight, chorioamnionitis, late miscarriage. Still 
- L123 · _Genital herpes_ — - **In pregnancy:** elective C-section if the primary episode occurs **within 6 weeks of the due date** (not 2
- L133 · _Genital warts_ — > [!info] **The prevention half, which this entry did not carry (N7 pass).** Genital warts is the one STI in t
- L187 · _Syphilis_ — > [!danger] Congenital syphilis — a genuine, severe, actively current Australian public health emergency, not 
- L188 · _Syphilis_ — > - **The human cost is severe and ongoing**: 91 cases of congenital syphilis were recorded in Australia betwe
- L189 · _Syphilis_ — > - **A genuinely important systemic failure point identified in the 2026 national response review**: a substa
- L191 · _Syphilis_ — > - **Practical relevance:** given how much of this outbreak's harm is preventable through timely testing and 
- L193 · _Congenital syphilis_ — ### Congenital syphilis

## Corpus A/08_09_Infectious_Disease_-_Miscellaneous.md — 6 unmarked paediatric signals (population: mixed)
- L17 · _Animal & human bites_ — > [!info] Verified against Australian bite-wound literature (RCH Clinical Practice Guidelines; ED and tropical
- L96 · _Post-splenectomy sepsis_ — > **Vaccinations:** pneumococcal (conjugate, then polysaccharide 6–8 weeks later), Hib, **meningococcal ACWY (
- L98 · _Post-splenectomy sepsis_ — > **Duration:** prophylaxis for a **minimum of 3 years post-splenectomy** in adults (some sources/individualis
- L203 · _Threadworms (pinworms)_ — - **A/P:** *Enterobius vermicularis*. Spread by ingesting eggs. Affects children.
- L224 · _Notifiable Diseases in Australia — What "Notifiable" Actually Means_ — > [!note] Gap-filled — "Notifiable disease" appears as a bare flag on at least 7 separate conditions scattered
- L234 · _Notifiable Diseases in Australia — What "Notifiable" Actually Means_ — **Practical relevance to this project's content:** every condition flagged "Notifiable disease" throughout the

## Corpus A/08_10_Infectious_Disease_-_Diarrhoea_DDx_and_Gastroenteritis.md — 3 unmarked paediatric signals (population: mixed)
- L53 · _Gastroenteritis — causes, sorted by incubation time_ — | E. coli — enteropathogenic | 12–72h | Water, food, soil | ✓ | ✓ | | | Especially in infants |
- L70 · _Cross-references — other infections covered elsewhere in this project_ — - Croup — see [[13_05b_ENT_-_Stridor__Croup__Epiglottitis__Laryngomalacia__OSA]] Croup (laryngo-tracheo-bronch
- L83 · _Cross-references — other infections covered elsewhere in this project_ — - Varicella zoster (chickenpox) — see [[09_07_Dermatology_-_Chickenpox__Shingles__Pityriasis_Rosea__Hidradenit

## Corpus A/09_01_Dermatology_-_Dermatological_Emergencies.md — 9 unmarked paediatric signals (population: mixed)
- L18 · _Anaphylaxis_ — - **S/Smx:** rapid onset (typically minutes, though can be delayed depending on the trigger and route of expos
- L22 · _Anaphylaxis_ — > [!danger] **IM adrenaline dose (ASCIA) — 1:1000, outer mid-thigh, 0.01 mg/kg up to a maximum of 0.5 mg.**
- L33 · _Anaphylaxis_ — > **The <7.5 kg row was added during the dose-table unit-and-progression sweep (2026-08-29): the table stopped
- L38 · _Anaphylaxis_ — - **Chronic/long-term:** clinical observation for **at least 4 hours after the last adrenaline dose**, given a
- L40 · _Anaphylaxis_ — > [!note] See [[15_01b_Paeds_-_Anaphylaxis]] for the paediatric-specific overnight-observation criteria (sever
- L103 · _Stevens-Johnson syndrome / Toxic epidermal necrolysis (SJS/TEN)_ — - **P:** worse if >50 years old, high TBSA, not managed in a burns centre, sepsis + antibiotic use, pulmonary 
- L110 · _Eczema herpeticum_ — - **A/P:** HSV-1/2 infection superimposed on a pre-existing skin condition, most commonly in infants and child
- L123 · _Staph scalded skin syndrome (SSSS)_ — - **R:** <5 years old (peak 2–3 years), reduced immunity.
- L129 · _Staph scalded skin syndrome (SSSS)_ — - Usually starts with non-specific symptoms in children — fever, generally unwell.

## Corpus A/09_02_Dermatology_-_Melanocytic_Lesions_and_Mimickers.md — 6 unmarked paediatric signals (population: mixed)
- L13 · _Melanoma_ — - **R:** family history, personal history (melanoma, actinic damage, atypical naevi), white skin, red/blond ha
- L73 · _Melanoma — differential diagnosis_ — | Pyogenic granuloma (lobular haemangioma, usually in children) | Bright red, becomes fleshy pink over time |
- L78 · _Benign naevi_ — - **R:** genetic predisposition, fair skin, age — older children and young adults.
- L82 · _Subtypes_ — - **Congenital melanocytic naevi** — >1cm diameter, ↑risk of malignant transformation.
- L85 · _Subtypes_ — - **Spitz naevi** — usually develop over a few months in children; pink or red, most common on the face and le
- L91 · _Seborrhoeic keratosis_ — - **R:** >50 years old, light skin, family history, sun/UV exposure.

## Corpus A/09_03b_Dermatology_-_Acne_Vulgaris.md — 2 unmarked paediatric signals (population: mixed)
- L13 · _Acne vulgaris_ — - **R:** puberty, family history/genetics, greasy skin or ↑sebum production, medications (androgens, steroids,
- L48 · _Management_ — - Avoid in pregnant/breastfeeding women and in children <12 years old; use erythromycin in pregnancy.

## Corpus A/09_04_Dermatology_-_Eczema__Psoriasis__Rosacea.md — 4 unmarked paediatric signals (population: mixed)
- L32 · _Eczema (atopic dermatitis)_ — - **R:** filaggrin gene mutation, <5 years old, family history, allergic rhinitis, asthma.
- L37 · _Phases & features_ — - **Infantile phase (birth to 2 years):** dermatitis on cheeks, forehead, scalp and extensor surfaces; promine
- L38 · _Phases & features_ — - **Childhood phase (2 years to puberty):** possibly worse; papules and plaques become lichenified due to cons
- L104 · _Classification & features_ — - **Guttate psoriasis:** widespread, erythematous, fine, scaly papules ("water drops"). Usually associated wit

## Corpus A/09_05_Dermatology_-_Bacterial_Infections_and_Infestations.md — 8 unmarked paediatric signals (population: mixed)
- L21 · _Impetigo_ — > [!danger] A genuinely important, non-obvious Australian-context complication: **GAS impetigo (skin infection
- L49 · _Head lice (pediculosis capitis)_ — - **S/Smx:** common in children; causes itching and scratching.
- L58 · _Head lice (pediculosis capitis)_ — - Mechanical removal (especially for children <2 months old) or wet combing.
- L64 · _Scabies_ — - **R:** overcrowding, <15 years old or >65 years old, sexual contact with new or multiple partners, immunosup
- L69 · _Scabies_ — - **S/Smx (clinical diagnosis):** widespread pruritus; linear burrows on the sides of fingers, interdigital we
- L71 · _Scabies_ — > [!info] Verified against the National Healthy Skin Guideline (Telethon Kids Institute — the dedicated Austra
- L72 · _Scabies_ — > **Permethrin 5% cream is confirmed first-line**, consistent with the note below. **Oral ivermectin is specif
- L77 · _Scabies_ — > - School/childcare exclusion: until the day after appropriate treatment has commenced.

## Corpus A/09_06_Dermatology_-_Fungal_and_Viral_Skin_Infections.md — 8 unmarked paediatric signals (population: mixed)
- L41 · _Tinea capitis_ — - Often in children; can cause scarring alopecia.
- L72 · _Candida (cutaneous candidiasis)_ — - **Mx (uncomplicated):** adults — topical imidazole (clotrimazole, ketoconazole, etc) or topical terbinafine.
- L74 · _Candida (cutaneous candidiasis)_ — - **If widespread, immunocompromised, or refractory to initial treatment:** PO fluconazole for 2 weeks → reass
- L82 · _Viral warts_ — - **R:** water immersion, occupations involving handling of meat or fish, nail biting, <35 years old, immunoco
- L86 · _Viral warts_ — - **Mx:** watchful waiting in immunocompetent patients, especially children (90% clear in 5 years spontaneousl
- L95 · _Seborrhoeic dermatitis_ — - **S/Smx:** erythematous patches with greasy, yellowish scale, typically affecting the scalp (dandruff is a m
- L100 · _Seborrhoeic dermatitis_ — - **Infants (cradle cap):** usually no treatment needed given spontaneous resolution; gentle emollient applica
- L101 · _Seborrhoeic dermatitis_ — - **Chronic/long-term:** genuinely a chronic relapsing-remitting condition in adults (unlike the infantile for

## Corpus A/09_07_Dermatology_-_Chickenpox__Shingles__Pityriasis_Rosea__Hidradenitis_Suppurativa.md — 12 unmarked paediatric signals (population: mixed)
- L10 · _Varicella zoster virus (VZV) / chickenpox_ — ## Varicella zoster virus (VZV) / chickenpox
- L12 · _Varicella zoster virus (VZV) / chickenpox_ — - **D:** a childhood exanthem caused by the human α-herpesvirus VZV.
- L21 · _Varicella zoster virus (VZV) / chickenpox_ — - **Immediate/acute:** supportive — keep cool, trim nails, calamine lotion; at-risk patients (immunocompromise
- L23 · _Varicella zoster virus (VZV) / chickenpox_ — - **Chronic/long-term:** monitor for and manage the complications above (secondary bacterial infection, pneumo
- L27 · _Post-exposure prophylaxis (PEP)_ — - Varicella zoster immunoglobulin (VZIG) for PEP — **passive** immunisation: preformed antibody giving immedia
- L28 · _Post-exposure prophylaxis (PEP)_ — - Indicated for significant exposure to VZV/HZV in patients with clinical conditions that increase risk of sev
- L34 · _VZV in pregnancy_ — > - Fetal varicella syndrome — 1% risk if infection occurs before 20 weeks gestation: skin scarring, eye defec
- L36 · _VZV in pregnancy_ — > - Severe neonatal varicella — fatal in 20% of cases.
- L38 · _VZV in pregnancy_ — - **VZV prophylaxis/Mx in pregnancy:** if in doubt, check maternal blood for varicella antibodies.
- L45 · _Herpes zoster / shingles_ — - **R:** >50 years old, F>M, HIV, chronic steroid use, chemotherapy, malignancies.
- L54 · _Herpes zoster / shingles_ — - **Definitive:** advise patients they are potentially contagious to non-immune contacts (via direct contact w
- L55 · _Herpes zoster / shingles_ — - **Chronic/long-term:** manage post-herpetic neuralgia if it develops (neuropathic agents, specialist pain re

## Corpus A/09_08_Dermatology_-_Miscellaneous.md — 8 unmarked paediatric signals (population: mixed)
- L62 · _Erythema nodosum_ — - **Causes** (mnemonic-friendly grouping): **infection** (streptococcal — the most common trigger overall, par
- L118 · _Non-blanching rashes — approach and differential_ — > - **Vasculitis:** IgA vasculitis/Henoch-Schönlein purpura (classically palpable purpura on the lower limbs/b
- L120 · _Non-blanching rashes — approach and differential_ — > - **Trauma/mechanical:** accidental or non-accidental injury (a **non-blanching rash or bruising in a patter
- L125 · _Non-blanching rashes — approach and differential_ — - **Distribution** — dependent areas (legs) for many vasculitides and senile purpura; widespread/petechial wit
- L171 · _Pruritus (Itch) — Generalised and Localised, Approach and Differential_ — **Generalised pruritus with a visible rash:** most commonly a primary dermatological condition — eczema, psori
- L200 · _Alopecia (Hair Loss) — Approach and Differential_ — - **Telogen effluvium:** diffuse, often acute-onset hair *shedding* (rather than thinning at a fixed pattern) 
- L202 · _Alopecia (Hair Loss) — Approach and Differential_ — - **Alopecia areata:** well-demarcated, typically oval patches of hair loss, often affecting the scalp but pot
- L204 · _Alopecia (Hair Loss) — Approach and Differential_ — - **Tinea capitis:** see [[09_06_Dermatology_-_Fungal_and_Viral_Skin_Infections]] Tinea capitis for the full e

## Corpus A/10_01_Haemonc_-_Leukaemias_and_Myeloproliferative_Disorders.md — 10 unmarked paediatric signals (population: mixed)
- L17 · _0.1 Acute lymphoblastic leukaemia (ALL)_ — - **R:** children <5 years old (accounts for 80% of childhood leukaemias); associated with Down syndrome.
- L24 · _0.1 Acute lymphoblastic leukaemia (ALL)_ — - **Chronic/long-term:** long-term surveillance for relapse and for treatment-related late effects (particular
- L31 · _0.1 Acute lymphoblastic leukaemia (ALL)_ — > - **Immunity:** live vaccines are contraindicated during treatment; the full vaccination schedule should be 
- L33 · _0.1 Acute lymphoblastic leukaemia (ALL)_ — > [!info] Febrile neutropenia in a child on ALL treatment — a genuine emergency requiring urgent management, n
- L35 · _0.1 Acute lymphoblastic leukaemia (ALL)_ — > - **Ongoing:** managed by paediatric oncology; if investigations point to a viral or low-risk cause, the chi
- L40 · _0.2 Chronic lymphocytic leukaemia (CLL)_ — - **R:** >60 years old — the most common adult leukaemia.
- L48 · _0.2 Chronic lymphocytic leukaemia (CLL)_ — - **Chronic/long-term:** monitor for and manage the complications below (recurrent infection, autoimmune haemo
- L64 · _0.4 Acute myeloid leukaemia (AML)_ — - **R:** >65 years old, previous haematological disorders, previous chemotherapy, radiation exposure, benzene 
- L72 · _0.4 Acute myeloid leukaemia (AML)_ — > [!info] Acute promyelocytic leukaemia (APML) — associated with t(15;17), the fusion of PML and RAR-alpha gen
- L98 · _0.7 Myelodysplastic syndromes (MDS)_ — - **A:** 90% primary (typically >70 years old); 10% secondary to causes such as chemotherapy and radiotherapy 

## Corpus A/10_02_Haemonc_-_Lymphomas_and_Multiple_Myeloma.md — 4 unmarked paediatric signals (population: mixed)
- L15 · _0.1 Non-Hodgkin's lymphoma (NHL)_ — - Generally affects the elderly (1/3 of cases in patients >75 years old).
- L41 · _0.1.1 Neoplasms of B cells_ — | Burkitt lymphoma | Adolescents/young adults; t(8;14); associated with EBV; "starry sky" appearance, tingible
- L42 · _0.1.1 Neoplasms of B cells_ — | Diffuse large B-cell lymphoma (DLBCL) | Older adults, 20% children; BCL2, BCL6; most common type of NHL in a
- L88 · _0.3 Multiple myeloma_ — - **R:** increasing age (median 70 years old), MGUS, family history, possible radiation exposure.

## Corpus A/10_03a_Haemonc_-_Primary_Immunodeficiencies.md — 3 unmarked paediatric signals (population: mixed)
- L76 · _DiGeorge syndrome_ — - **Ix:** FISH testing or chromosomal microarray for the 22q11.2 deletion (*why:* the definitive diagnostic te
- L98 · _Severe combined immunodeficiency (SCID)_ — - **Ix:** lymphocyte subset analysis (*why:* directly demonstrates the profound T-cell (and often B-cell/NK-ce
- L99 · _Severe combined immunodeficiency (SCID)_ — - **Mx:** live vaccines contraindicated; antimicrobial prophylaxis and **IVIG (intravenous immunoglobulin** — 

## Corpus A/10_04_Haemonc_-_Anaemia_Overview_and_Microcytic_Anaemia.md — 8 unmarked paediatric signals (population: mixed)
- L52 · _Iron deficiency anaemia_ — > [!danger] A genuine, severe Australian health equity issue with a striking prevalence gap and a genuinely im
- L53 · _Iron deficiency anaemia_ — > - **The genuinely important consequence extends well beyond a lab value**: early childhood anaemia is associ
- L54 · _Iron deficiency anaemia_ — > - **Practical implication**: given how common and consequential this is, proactive screening (not waiting fo
- L63 · _Lead poisoning_ — - **S/Smx:** abdominal pain, peripheral neuropathy (mainly motor), neuropsychiatric features, fatigue, constip
- L77 · _β-thalassaemia_ — - **Chronic/long-term:** lifelong monitoring for iron overload complications (cardiac function, liver, endocri
- L96 · _Sideroblastic anaemia_ — - **Causes:** congenital, myelodysplasia, alcohol, lead, anti-TB medications.
- L103 · _Aplastic anaemia_ — - **Causes:** idiopathic, congenital (e.g. Fanconi anaemia), drugs (cytotoxics, chloramphenicol, sulphonamides
- L110 · _Aplastic anaemia_ — - **Mx:** if not severe, monitoring ± steroids or **IVIG (intravenous immunoglobulin)** may be sufficient. If 

## Corpus A/10_05_Haemonc_-_Normocytic_Anaemia_and_Sickle_Cell_Disease.md — 9 unmarked paediatric signals (population: mixed)
- L33 · _Sickle cell crises — types_ — > Triggered by infection, dehydration, deoxygenation (e.g. high altitude). Clinical diagnosis; rule out other 
- L35 · _Sickle cell crises — types_ — > [!danger] Acute chest syndrome — vaso-occlusion within the pulmonary microvasculature → infarction in the lu
- L41 · _Sickle cell crises — types_ — > [!note] See [[15_14_Paeds_-_Anaemia__Sickle_Cell__Hereditary_Spherocytosis__HSP]] Sickle cell disease for th
- L48 · _Long-term (preventative) management_ — > [!warning] **Corrected during the duplicate-pair audit (2026-08-29).** This line previously read "prophylact
- L50 · _Long-term (preventative) management_ — - Pneumococcal polysaccharide vaccine every 5 years (due to hyposplenism) — **but vaccination is only one of t
- L52 · _Long-term (preventative) management_ — > [!note] Gap-filled — hyposplenism was stated above as the reason for pneumococcal vaccination, without expla
- L80 · _G6PD deficiency_ — - **S/Smx:** neonatal jaundice; intravascular haemolysis; ± gallstones, splenomegaly.
- L125 · _Haemolytic uraemic syndrome (HUS)_ — - **Causes:** classically Shiga toxin-producing *E. coli* (O157:H7), especially in children. Others: pneumococ
- L135 · _Haemolytic uraemic syndrome (HUS)_ — > [!note] [[15_11_Paeds_-_Urological_and_Renal_Anomalies__Wilms_Tumour__HUS]] Haemolytic uraemic syndrome (HUS

## Corpus A/10_06b_Haemonc_-_Thrombophilia__APS__Thrombocytosis__Methaemoglobinaemia.md — 2 unmarked paediatric signals (population: mixed)
- L14 · _Methaemoglobinaemia_ — - Congenital — HbM, HbH, NADH methaemoglobin reductase deficiency.
- L20 · _Methaemoglobinaemia_ — - **Mx:** ascorbic acid if congenital; IV methylene blue if acquired.

## Corpus A/10_07_Haemonc_-_Platelet_and_Clotting_Disorders__Neutropaenia.md — 4 unmarked paediatric signals (population: mixed)
- L17 · _Immune thrombocytopenia (ITP)_ — - **R:** women of childbearing age, <10 years old or >65 years old.
- L25 · _Immune thrombocytopenia (ITP)_ — - Mild with no other risk factors — consider observation. In children, 80% resolve within 6 months with or wit
- L27 · _Immune thrombocytopenia (ITP)_ — - **In children specifically:** safety-net for concerning bleeding signs (persistent headache — raises concern
- L78 · _Haemophilia_ — - Intracranial bleeding — 3–5% of newborn boys with severe haemophilia.

## Corpus A/10_08_Haemonc_-_Blood_Products_and_Transfusion.md — 5 unmarked paediatric signals (population: mixed)
- L38 · _ABO and Rh Compatibility — The Two Opposite Rules_ — **Rh(D) compatibility — a separate system, layered on top of ABO:** Rh-negative individuals lack the RhD antig
- L72 · _CMV-negative and irradiated blood_ — > - Neonates ≤28 days post expected date of delivery
- L78 · _CMV-negative and irradiated blood_ — > - Neonates ≤28 days post expected date of delivery
- L80 · _CMV-negative and irradiated blood_ — > - Immunocompromised (e.g. chemotherapy or congenital — but not HIV)
- L133 · _Massive Transfusion Protocol (MTP)_ — - **Paediatric/neonatal patients require age-specific institutional protocols** for both activation criteria a

## Corpus A/10_09a_Haemonc_-_Anticoagulants_and_Antiplatelets.md — 1 unmarked paediatric signals (population: mixed)
- L71 · _Aspirin_ — > [!danger] Contraindicated in children <16 years old due to risk of Reye's syndrome — except in Kawasaki dise

## Corpus A/10_09b_Haemonc_-_Miscellaneous_Haematology.md — 3 unmarked paediatric signals (population: mixed)
- L30 · _Hyposplenism_ — > **Management is prophylaxis, and it has three parts** — vaccination (pneumococcal, Hib, meningococcal ACWY *
- L58 · _Lymphadenopathy_ — > - **Infective:** infectious mononucleosis, HIV (including seroconversion), eczema with secondary infection, 
- L78 · _Fatigue and Pallor — Approach and Differential_ — - **Cardiorespiratory:** heart failure, COPD, obstructive sleep apnoea (via poor sleep quality — see [[13_05b_

## Corpus A/10_10a_Haemonc_-_Haematological_and_Oncological_Emergencies.md — 1 unmarked paediatric signals (population: mixed)
- L43 · _Tumour lysis syndrome_ — - **S/Smx:** most often occurs in children and young adults; most often when chemotherapy starts (12–72h after

## Corpus A/10_11a_Oncology_-_Common_Cancers__Carcinogens__Tumour_Markers.md — 1 unmarked paediatric signals (population: mixed)
- L78 · _Tumour markers_ — | Beta-human chorionic gonadotropin (beta-hCG) | Choriocarcinoma, hydatidiform mole (see [[17_04_Ectopic_Pregn

## Corpus A/10_11b_Oncology_-_Genetic_Cancer_Predisposition_Syndromes.md — 4 unmarked paediatric signals (population: mixed)
- L14 · _0.1 Li-Fraumeni syndrome_ — - Tends to be diagnosed when a patient develops sarcoma before age 45. May also be diagnosed on screening when
- L28 · _0.2 BRCA1 and BRCA2 mutations_ — - **Risk-reducing surgery:** bilateral risk-reducing mastectomy substantially reduces (though doesn't complete
- L40 · _0.3 Lynch syndrome_ — > - **1** — **≥1 of those cancers** diagnosed at <50 years old.
- L45 · _0.3 Lynch syndrome_ — - **Ix:** tumour testing on any diagnosed colorectal or endometrial cancer — microsatellite instability (MSI) 

## Corpus A/10_12_Oncology_-_Breast.md — 1 unmarked paediatric signals (population: mixed)
- L35 · _Breast cancer_ — - Imaging — ultrasound for ≤30 years old, mammogram for all others (hypoechoic mass, irregular + internal calc

## Corpus A/11_01_Ortho_-_Orthopaedic_Emergencies.md — 2 unmarked paediatric signals (population: mixed)
- L15 · _Septic arthritis_ — - **R:** underlying joint disease, prosthetic joint, ↑age (especially >80 years old), immunosuppression (e.g. 
- L28 · _Septic arthritis_ — > [!note] See also [[11_10_Ortho_-_Paediatric_Orthopaedics]] Septic arthritis vs transient synovitis, where th

## Corpus A/11_02_Ortho_-_Upper_Limb__Shoulder__Elbow__Distal_Radius_Fractures_.md — 7 unmarked paediatric signals (population: mixed)
- L45 · _Rotator cuff injury_ — - **R:** >60 years old.
- L83 · _Supracondylar fracture of the humerus_ — > [!note] Gap-filled from CSV ("Supracondylar Fracture of humerus," High yield) — genuinely absent from the so
- L85 · _Supracondylar fracture of the humerus_ — - **D:** a fracture of the distal humerus just above the condyles — the most common elbow fracture in children
- L86 · _Supracondylar fracture of the humerus_ — - **A/P:** classically a fall onto an outstretched hand with the elbow hyperextended (extension-type, ~95% of 
- L155 · _Pulled elbow_ — - **D:** subluxation of the radial head. Most common in children <6 years old.
- L197 · _Monteggia's fracture_ — - **Mx:** surgical fixation (ORIF) of the ulna fracture is typically required in adults, with the radial head 
- L204 · _Galeazzi fracture_ — - **Mx:** surgical fixation (ORIF) of the radial shaft fracture is typically required in adults, again with th

## Corpus A/11_03_Ortho_-_Hand_and_Foot.md — 3 unmarked paediatric signals (population: mixed)
- L78 · _0.2.1 Club foot (talipes equinovarus)_ — - **R:** M>F (2×), spina bifida, cerebral palsy, Edward's syndrome, oligohydramnios, arthrogryposis (congenita
- L81 · _0.2.1 Club foot (talipes equinovarus)_ — - Ponseti method — manipulation and progressive casting soon after birth; usually results in correction after 
- L82 · _0.2.1 Club foot (talipes equinovarus)_ — - Surgery, especially if the child presents late.

## Corpus A/11_05_Ortho_-_Knee_and_Ankle.md — 1 unmarked paediatric signals (population: mixed)
- L35 · _0.2 Bursitis & cysts of the knee_ — - **Mx:** in children, no treatment required. In adults, treat the underlying cause (e.g. OA management if sec

## Corpus A/11_06_Ortho_-_Spinal_Orthopaedics.md — 7 unmarked paediatric signals (population: mixed)
- L21 · _Cervical spondylosis (degenerative cervical spine disease / degenerative disc disease)_ — - **R:** >40 years old, previous back surgery, previous injury, achondroplasia, acromegaly. Weaker risk factor
- L41 · _Spinal stenosis (lumbar spondylosis)_ — - **R:** >40 years old, previous back surgery, previous injury, achondroplasia, acromegaly. Weaker risk factor
- L70 · _Rib fractures_ — - **R:** blunt chest trauma (e.g. RTA), CPR, physical abuse in children, osteoporosis, contact sports. Weaker 
- L79 · _Rib fractures_ — > [!warning] In children, non-acute rib fractures may show up as periosteal reactions on imaging. Rib fracture
- L83 · _Scheuermann's kyphosis (juvenile kyphosis)_ — ## Scheuermann's kyphosis (juvenile kyphosis)
- L94 · _Scoliosis_ — - **R:** family history, peak adolescent growth spurt.
- L102 · _Discitis_ — - **R:** children, immunocompromise, IVDU, alcoholics, malignancy.

## Corpus A/11_07a_Ortho_-_Dermatomes_and_Myotomes_Reference.md — 1 unmarked paediatric signals (population: mixed)
- L85 · _Brachial Plexus Injury — Erb's Palsy vs Klumpke's Palsy_ — > [!note] Gap-filled — genuinely absent as a dedicated entry despite Erb's palsy being mentioned in passing el

## Corpus A/11_07b_Ortho_-_Osteomyelitis__Osteochondritis_Dissecans__Fat_Embolism__Charcot_Joint__Osteomalacia.md — 5 unmarked paediatric signals (population: mixed)
- L15 · _Osteomyelitis_ — - **Haematogenous spread** — secondary to bacteraemia; the most common form in children. R: sickle cell anaemi
- L18 · _Osteomyelitis_ — > [!danger] A genuine, severe Australian health equity issue with a direct causal chain worth understanding, n
- L25 · _Osteomyelitis_ — > [!info] Verified — flucloxacillin is confirmed as the correct, internationally-consistent first-line agent f
- L31 · _Osteochondritis dissecans_ — - **D:** acquired idiopathic lesion of subchondral bone resulting in delamination and sequestration ± articula
- L58 · _Osteomalacia_ — - **D:** metabolic bone disease characterised by incomplete mineralisation of the underlying mature organic bo

## Corpus A/11_08b_Ortho_-_Paget_s_Disease_and_Osteoporosis.md — 3 unmarked paediatric signals (population: mixed)
- L13 · _Paget's disease of the bone_ — - **R:** family history, >50 years old, M>F.
- L42 · _Osteoporosis_ — - DEXA scan — may not be required in females ≥75 years old according to clinician judgment.
- L63 · _Bisphosphonates_ — - **Stop bisphosphonates at 5 years if:** patient <75 years old, femoral neck T-score >−2.5, and low fracture 

## Corpus A/11_08c_Ortho_-_Fracture_Types_and_Pathological_Fractures.md — 1 unmarked paediatric signals (population: mixed)
- L24 · _Osteogenesis imperfecta_ — - Defective osteoid formation, secondary to a congenital inability to produce adequate intercellular substance

## Corpus A/11_09a_Ortho_-_Orthopaedic_and_Bone_Malignancies.md — 1 unmarked paediatric signals (population: mixed)
- L32 · _Ewing's sarcoma_ — - <15 years old, M>F. Associated with t(11;22) translocation.

## Corpus A/11_09b_Ortho_-_Trauma.md — 12 unmarked paediatric signals (population: mixed)
- L72 · _First aid — the intervention with the best evidence, and the one most often done wrong_ — > **Keep the patient warm while cooling the burn.** These are not contradictory: cool the injured area, warm t
- L94 · _Assessment — depth and TBSA_ — > [!danger] **The Rule of Nines is wrong in children, and the reason is anatomical rather than arbitrary: a ch
- L113 · _Mx_ — - **The formula gives an initial estimate only — titrate against urine output, reassessed 1–2 hourly.** Target
- L114 · _Mx_ — - **Children need separate maintenance fluid containing glucose, in addition to the resuscitation volume**, an
- L116 · _Mx_ — > [!warning] **The TBSA threshold for starting formal fluid resuscitation is stated inconsistently across sour
- L120 · _Mx_ — > - **>10% TBSA in adults**, or **>5% TBSA in children**
- L127 · _Mx_ — > - **Extremes of age** — young children and the elderly
- L129 · _Mx_ — > - **Non-accidental burns** (see below)
- L131 · _Mx_ — > [!danger] **Aboriginal and Torres Strait Islander children — a large disparity, and one finding that makes t
- L132 · _Mx_ — > **The actionable finding:** in an Australian study of caregivers of Aboriginal and Torres Strait Islander ch
- L136 · _Mx_ — > Retrieval distance also lengthens the interval to definitive care, so **contact the burns service and retrie
- L138 · _Mx_ — > [!danger] **Non-accidental injury is a genuine differential in a paediatric burn, not a remote possibility.*

## Corpus A/12_01_Rheum_-_Rheumatoid_Arthritis__Osteoarthritis__Psoriatic_Arthritis.md — 4 unmarked paediatric signals (population: mixed)
- L60 · _Management_ — > - **Hydroxychloroquine:** AE — retinopathy, corneal deposits. **Retinopathy screening (RANZCO-verified, Aug 
- L77 · _Complications / extra-articular manifestations_ — - Respiratory: pulmonary fibrosis, pleural effusion, pulmonary nodules, bronchiolitis obliterans, pleurisy.
- L88 · _Osteoarthritis (OA)_ — - **R:** >50 years old, F>M, obesity, genetic factors, knee alignment, ↑activity, post-trauma.
- L111 · _OA of the hand_ — - Possibly positive family history, F>M, >55 years old; increases risk for hip and knee OA.

## Corpus A/12_02_Rheum_-_Ankylosing_Spondylitis__Gout__Pseudogout__Reactive_Arthritis__Fibromyalgia__PMR__CFS.md — 2 unmarked paediatric signals (population: mixed)
- L53 · _0.3 Pseudogout_ — - **R:** ↑age. Risk factors for pseudogout at <60 years old: haemochromatosis, hyperparathyroidism, ↓Mg, ↓PO4,
- L73 · _0.5 Polymyalgia rheumatica_ — - **R:** ≥50 years old, association with GCA, possibly F>M.

## Corpus A/12_03_Rheum_-_Connective_Tissue_Diseases__SLE__Systemic_Sclerosis__Dermatomyositis__Polymyositis__Sjogren_.md — 2 unmarked paediatric signals (population: mixed)
- L66 · _Dermatomyositis_ — - **R:** family history, children or >40 years old, F>M, Black ethnicity, UV radiation. May be associated with
- L79 · _Polymyositis_ — - **R:** F>M, >30 years old, African descent in Europe/US, and Asian ethnicity; drug triggers (sulfasalazine, 

## Corpus A/12_04_Rheum_-_Vasculitis.md — 5 unmarked paediatric signals (population: mixed)
- L22 · _Vasculitis — overview_ — > - **Medium-vessel:** polyarteritis nodosa; Kawasaki disease.
- L63 · _Giant cell arteritis (GCA)_ — - **R:** >50 years old, F>M, possible family history.
- L88 · _Takayasu's arteritis_ — - **R:** family history, F>M, <40 years old, Asian (Japanese) ethnicity.
- L115 · _Henoch-Schönlein purpura (HSP)_ — - **P:** generally good, self-limiting in children. Monitor BP and urinalysis. 1/3 of patients have a relapse.
- L117 · _Henoch-Schönlein purpura (HSP)_ — > [!note] See [[15_14_Paeds_-_Anaemia__Sickle_Cell__Hereditary_Spherocytosis__HSP]] Henoch-Schönlein purpura (

## Corpus A/13_01_ENT_-_Otalgia__Otitis_Externa__Otitis_Media__Glue_Ear.md — 7 unmarked paediatric signals (population: mixed)
- L73 · _0.4 Otitis media (acute)_ — > [!danger] A genuine, severe Australian health equity issue with a specific, critical diagnostic pitfall — no
- L74 · _0.4 Otitis media (acute)_ — > - **The single most important, genuinely easy-to-miss clinical pitfall: the severe pain classically associat
- L76 · _0.4 Otitis media (acute)_ — > - **Current national guidelines (Centre of Research Excellence in Ear and Hearing Health of Aboriginal and T
- L80 · _0.4 Otitis media (acute)_ — - Antibiotics if: symptoms ≥4 days with no improvement; systemically unwell; immunocompromised; <2 years old w
- L81 · _0.4 Otitis media (acute)_ — - Antibiotics: **amoxicillin 30mg/kg/dose (max 1g) 12-hourly for 5–7 days** — this is the Australian licensed/
- L93 · _0.5 Glue ear (otitis media with effusion / serous otitis media)_ — - Active observation for 3 months — 50% of children with bilateral hearing loss of 20dB are likely to resolve 
- L95 · _0.5 Glue ear (otitis media with effusion / serous otitis media)_ — > [!danger] If Down syndrome or cleft palate, refer to ENT urgently due to increased risk of infections.

## Corpus A/13_02_ENT_-_Hearing_Loss__Tinnitus__Vertigo__DDx_Charts_.md — 5 unmarked paediatric signals (population: mixed)
- L16 · _Hearing loss — differential diagnosis_ — > - **External ear:** earwax (cerumen); foreign body; otitis externa; congenital (atresia); benign mass (polyp
- L20 · _Hearing loss — differential diagnosis_ — > Otosclerosis; congenital; Eustachian tube malfunction.
- L24 · _Hearing loss — differential diagnosis_ — > - **Congenital:** hereditary hearing disorders; TORCH infections (toxoplasmosis, syphilis, hepatitis B, rube
- L42 · _Tinnitus — differential diagnosis_ — > - SNHL: loud noise, ototoxic drugs (propranolol, levodopa, loop diuretics), presbycusis, congenital.
- L51 · _Tinnitus — differential diagnosis_ — > **Vascular — arterial:** normal blood flow in an artery near the ear; congenital (persistent stapedial arter

## Corpus A/13_03_ENT_-_Deafness_and_Vertigo_Conditions.md — 8 unmarked paediatric signals (population: mixed)
- L3 · _(no heading)_ — source: quackquackmed 13.03 Ear - Childhood deafness, Deafness in adults, Otosclerosis, Vestibular schwannoma,
- L10 · _Childhood deafness_ — ## Childhood deafness
- L12 · _Childhood deafness_ — - 1 in 500 newborns has bilateral permanent SNHL ≥40dB.
- L16 · _Childhood deafness_ — > - Intrauterine TORCH infection — e.g. CMV, rubella, toxoplasmosis, HSV, syphilis.
- L17 · _Childhood deafness_ — > - Perinatal — prematurity, hypoxia, intraventricular haemorrhage, kernicterus.
- L18 · _Childhood deafness_ — > - Infections — meningitis, encephalitis, measles, mumps.
- L21 · _Childhood deafness_ — - **Universal newborn hearing screening** — within weeks of birth: otoacoustic emissions, auditory brainstem r
- L22 · _Childhood deafness_ — - **Subjective hearing tests in older children:** distraction testing (6–18 months); visual reinforced audiome

## Corpus A/13_04_ENT_-_Nose__Rhinosinusitis__Fractures__CSF_Rhinorrhoea__Epistaxis__Nasal_Cancers_.md — 7 unmarked paediatric signals (population: mixed)
- L37 · _Rhinosinusitis with polyps_ — - **Children:** rule out neoplasms, cystic fibrosis, meningocele/encephalocele.
- L60 · _Allergic Rhinitis (Hay Fever)_ — > [!note] Gap-filled from CSV ("Allergic Rhinitis (Hayfever)," High yield, Immunology/Allergy/ID category) — g
- L67 · _Allergic Rhinitis (Hay Fever)_ — - **S/Smx:** sneezing, nasal itch (often with itchy palate, eyes and ears), watery rhinorrhoea, nasal congesti
- L73 · _Allergic Rhinitis (Hay Fever)_ — - **Oral non-sedating antihistamines** (cetirizine, loratadine, fexofenadine) for mild or intermittent disease
- L74 · _Allergic Rhinitis (Hay Fever)_ — - **Saline nasal irrigation** is a genuinely useful adjunct and is safe in pregnancy and children.
- L76 · _Allergic Rhinitis (Hay Fever)_ — - **Why this matters beyond the nose — "united airway disease":** allergic rhinitis and asthma are upper and l
- L77 · _Allergic Rhinitis (Hay Fever)_ — - **Complications/associations:** acute and chronic rhinosinusitis (see Rhinosinusitis above), nasal polyps, o

## Corpus A/13_05a_ENT_-_Sore_Throat_and_Tonsillitis.md — 2 unmarked paediatric signals (population: mixed)
- L31 · _Sore throat (pharyngitis, tonsillitis, laryngitis)_ — > [!danger] A genuinely important Australian-specific caveat, not a simple "verify locally" note: **Centor and
- L69 · _Tonsillectomy_ — > Other indications: children with obstructive sleep apnoea; suspicion of malignancy.

## Corpus A/13_05b_ENT_-_Stridor__Croup__Epiglottitis__Laryngomalacia__OSA.md — 17 unmarked paediatric signals (population: mixed)
- L3 · _(no heading)_ — source: quackquackmed 13.05 Stridor, Croup, Acute epiglottitis, Laryngomalacia, Obstructive sleep apnoea
- L16 · _Stridor — overview_ — > - **Congenital:** laryngomalacia, web/stenosis, vascular rings.
- L17 · _Stridor — overview_ — > - **Inflammation:** laryngitis, epiglottitis, croup, anaphylaxis.
- L21 · _Croup (laryngo-tracheo-bronchitis)_ — ## Croup (laryngo-tracheo-bronchitis)
- L35 · _Croup (laryngo-tracheo-bronchitis)_ — - **Ix:** clinical — imaging is not required to diagnose croup. Where a CXR is taken for another reason, the P
- L37 · _Croup (laryngo-tracheo-bronchitis)_ — - Admit any child with moderate to severe croup, or if <6 months old, known airway abnormality, or uncertainty
- L38 · _Croup (laryngo-tracheo-bronchitis)_ — - Regardless of severity, single dose of PO dexamethasone (0.15mg/kg) — alternative: prednisolone (1mg/kg).
- L40 · _Croup (laryngo-tracheo-bronchitis)_ — > [!info] Verified against RCH Melbourne, NSW ACI, and Queensland Children's Health croup guidelines, Aug 2026
- L49 · _Acute epiglottitis_ — - **Dx:** only by airway-trained staff — direct visualisation. XR lateral view may show a "thumb sign"; PA vie
- L55 · _Acute epiglottitis_ — > [!note] **Three entries cover acute epiglottitis and none referenced any other.** This is the fullest and ow
- L59 · _Foreign body airway obstruction (choking)_ — > [!note] Gap-filled from CSV ("Upper airway obstruction," Medium yield) — genuinely absent as its own entry d
- L61 · _Foreign body airway obstruction (choking)_ — - **A/P:** an inhaled foreign object lodging in the larynx, trachea, or a bronchus — genuinely most common in 
- L68 · _Foreign body airway obstruction (choking)_ — - **Severe/complete obstruction, conscious patient:** **5 back blows** (firm blows between the shoulder blades
- L71 · _Foreign body airway obstruction (choking)_ — - **Complications:** hypoxic brain injury or death if not relieved promptly; aspiration pneumonia or a retaine
- L75 · _Laryngomalacia_ — - **A/w:** GORD (50%), neurological abnormality (up to 20%), M>F (2×), genetic syndromic disorders (e.g. Down 
- L77 · _Laryngomalacia_ — > [!info] Gap-filled — genuinely absent: laryngomalacia's classic positional variation (worse supine, improved
- L89 · _Primary (simple) snoring_ — - **A/P:** similar contributing factors to OSA (nasal obstruction, obesity, alcohol/sedative use, supine sleep

## Corpus A/13_06a_ENT_-_Dysphonia_and_HNSCC.md — 2 unmarked paediatric signals (population: mixed)
- L22 · _Causes_ — - **Disorders of speech articulation:** spasmodic dysphonia (analogous to "blepharospasm" of the vocal cords) 
- L29 · _Head and neck squamous cell carcinoma (HNSCC)_ — - **R:** >80% occur in patients >50 years old. Associated with smoking (10× risk), HPV (70% of oropharyngeal c

## Corpus A/13_07a_ENT_-_Neck_Lumps.md — 5 unmarked paediatric signals (population: mixed)
- L23 · _0.2 Differential diagnosis by anatomical location_ — > - <20 years old: dermoid cyst.
- L25 · _0.2 Differential diagnosis by anatomical location_ — > - >20 years old: thyroid mass.
- L29 · _0.2 Differential diagnosis by anatomical location_ — > - <20 years old: reactive lymphadenopathy.
- L30 · _0.2 Differential diagnosis by anatomical location_ — > - >20 years old: rule out malignant lymphadenopathy (e.g. firm, non-tender; any B-symptoms).
- L37 · _0.2 Differential diagnosis by anatomical location_ — > - >40 years old: consider parotid tumour.

## Corpus A/14_01_Psych_-_Mood_Disorders__Depression__Suicide__Bipolar_.md — 13 unmarked paediatric signals (population: mixed)
- L78 · _Suicide_ — > [!tip] Protective factors: family support; having children at home; religious belief.
- L87 · _Self-harm (including non-suicidal self-injury)_ — - **A/P:** NSSI often serves a specific emotional-regulation function — many patients describe the physical ac
- L133 · _Management_ — - **Prophylactic management:** lithium ± valproate; or valproate, olanzapine, or quetiapine (valproate not for
- L139 · _Cyclothymia (cyclothymic disorder)_ — - **D:** numerous periods of hypomanic symptoms (not meeting full criteria for a hypomanic episode — see Hypom
- L144 · _Cyclothymia (cyclothymic disorder)_ — - **R:** onset often in adolescence/early adulthood; family history of bipolar disorder is common, given the g
- L162 · _Perinatal depression_ — ## Perinatal depression
- L164 · _Perinatal depression_ — > [!note] Gap-filled from CSV ("Perinatal depression," High yield) — genuinely absent as a standalone entry de
- L166 · _Perinatal depression_ — - **D:** a major depressive episode (see Depression (Major depressive disorder) above for the diagnostic crite
- L168 · _Perinatal depression_ — - **R:** personal or family history of depression (a strong risk factor, similar to the general depression ris
- L169 · _Perinatal depression_ — - **S/Smx:** the standard depressive symptom cluster above, occurring during pregnancy or postpartum — importa
- L170 · _Perinatal depression_ — - **Ix:** **the Edinburgh Postnatal Depression Scale (EPDS)** is the standard, Australian-guideline-recommende
- L171 · _Perinatal depression_ — - **Mx:** the same general depression management principles as Depression (Major depressive disorder) above (p
- L173 · _Perinatal depression_ — > [!info] In Australia, PANDA (Perinatal Anxiety & Depression Australia, 1300 726 306) and the Gidget Foundati

## Corpus A/14_02_Psych_-_Anxiety_and_Related_Disorders.md — 4 unmarked paediatric signals (population: mixed)
- L14 · _Generalised anxiety disorder (GAD)_ — > [!info] Plus ≥3 of these symptoms, most of the time (in children, ≥1 symptom):
- L62 · _Obsessive-compulsive disorder (OCD)_ — - **R:** family history; paediatric autoimmune neuropsychiatric disorders associated with streptococcal infect
- L63 · _Obsessive-compulsive disorder (OCD)_ — - **S/Smx:** peak onset age 10–20, or during the perinatal period. May have a history of abuse, bullying, or n
- L100 · _Specific phobia_ — - **A/P:** often begins in childhood; may develop following a specific frightening/traumatic experience with t

## Corpus A/14_03_Psych_-_Psychotic_Disorders_and_Antipsychotics.md — 5 unmarked paediatric signals (population: mixed)
- L84 · _0.5 Postpartum (Puerperal) Psychosis_ — - **D:** the most severe form of postpartum psychiatric illness — acute onset of psychotic symptoms (delusions
- L88 · _0.5 Postpartum (Puerperal) Psychosis_ — - **Ix:** primarily a clinical diagnosis based on the presentation above, but organic causes should always be 
- L90 · _0.5 Postpartum (Puerperal) Psychosis_ — - **Immediate/acute:** this is a genuine psychiatric emergency — urgent same-day psychiatric assessment and, f
- L92 · _0.5 Postpartum (Puerperal) Psychosis_ — - **Chronic/long-term:** careful discharge planning given the risk of relapse and the ongoing safety needs of 
- L95 · _0.5 Postpartum (Puerperal) Psychosis_ — > [!info] In Australia, PANDA (Perinatal Anxiety & Depression Australia) is a relevant support/helpline resour

## Corpus A/14_04_Psych_-_Personality_Disorders.md — 2 unmarked paediatric signals (population: mixed)
- L10 · _(no heading)_ — > [!note] Personality disorders refer to enduring patterns of thinking and feeling about oneself and others th
- L72 · _Antisocial personality disorder_ — > [!warning] Can only be diagnosed when the patient is ≥18 years old, but there is often evidence of conduct d

## Corpus A/14_05a_Psych_-_Eating_Disorders.md — 3 unmarked paediatric signals (population: mixed)
- L13 · _Anorexia nervosa_ — - **R:** F>>M, adolescence, obsessive and perfectionist traits, genetic influence (based on twin studies).
- L47 · _Bulimia nervosa_ — - Children: offer family therapy.
- L50 · _Bulimia nervosa_ — > [!info] Verified — the treatment approach (self-help guide as a reasonable first step, CBT if ineffective, f

## Corpus A/14_05c_Psych_-_Unexplained_Symptoms__Somatoform__Dissociative__Factitious_Disorders_.md — 3 unmarked paediatric signals (population: mixed)
- L37 · _Dissociative disorders_ — - **Mx:** trauma-focused psychotherapy is central, given dissociative disorders are frequently linked to a his
- L44 · _Factitious disorder (Munchausen's syndrome)_ — - **Imposed on another** (Munchausen's by proxy) — e.g. a parent injures their child on purpose to present the
- L45 · _Factitious disorder (Munchausen's syndrome)_ — - **Mx:** genuinely challenging given patients typically resist acknowledging the psychological basis of their

## Corpus A/14_06a_Psych_-_Drugs_Used_in_Psychiatry.md — 3 unmarked paediatric signals (population: mixed)
- L52 · _0.5 Selective serotonin reuptake inhibitors (SSRIs)_ — > [!danger] For patients <25 years old, review after 1 week to assess risk of suicide or self-harm.
- L57 · _0.5 Selective serotonin reuptake inhibitors (SSRIs)_ — - **Children & adolescents:** fluoxetine preferred.
- L58 · _0.5 Selective serotonin reuptake inhibitors (SSRIs)_ — - **Pregnancy:** use in the 1st trimester increases risk of congenital malformations, especially with paroxeti

## Corpus A/14_06b_Psych_-_Mental_Health_Act_and_Sectioning.md — 1 unmarked paediatric signals (population: mixed)
- L26 · _Community Treatment Orders (CTOs)_ — - **Level 2 CTO:** maximum 12 months (adults) or 6 months (children). Made by SACAT (the South Australian Civi

## Corpus A/14_07_Psych_-_Attention_Deficit_Hyperactivity_Disorder.md — 8 unmarked paediatric signals (population: mixed)
- L12 · _0.1 Attention deficit hyperactivity disorder (ADHD)_ — > [!note] Gap-filled from CSV ("Attention Deficit Hyperactivity Disorder (ADHD)," Medium yield) — genuinely ab
- L16 · _0.1 Attention deficit hyperactivity disorder (ADHD)_ — - **R:** family history (one of the strongest risk factors); prematurity/low birth weight; prenatal exposure t
- L19 · _0.1 Attention deficit hyperactivity disorder (ADHD)_ — > - **Inattentive presentation** (≥6 symptoms in children, ≥5 in adults ≥17yo): fails to give close attention 
- L23 · _0.1 Attention deficit hyperactivity disorder (ADHD)_ — - **S/Smx:** as per the diagnostic criteria above — the specific presentation pattern (inattentive vs hyperact
- L24 · _0.1 Attention deficit hyperactivity disorder (ADHD)_ — - **Ix:** primarily a clinical diagnosis based on a detailed developmental history (from the patient and, part
- L27 · _0.1 Attention deficit hyperactivity disorder (ADHD)_ — - **Definitive (children):** behavioural/psychosocial interventions (parent training programs, classroom-based
- L28 · _0.1 Attention deficit hyperactivity disorder (ADHD)_ — - **Definitive (adults):** increasingly recognised as a condition that persists into adulthood for a substanti
- L29 · _0.1 Attention deficit hyperactivity disorder (ADHD)_ — - **Chronic/long-term:** regular review of symptom control, medication adverse effects (appetite suppression, 

## Corpus A/16_01-05_Antenatal_Care.md — 41 unmarked paediatric signals (population: mixed)
- L18 · _0.1 Pre-pregnancy counselling_ — **Immunisation**: rubella.
- L23 · _0.1 Pre-pregnancy counselling_ — - Associated with preterm labour, fetal growth restriction, placenta praevia, abruption
- L44 · _0.1 Pre-pregnancy counselling_ — **Recreational drugs**: associated with miscarriage, preterm birth, poor fetal development, intrauterine death
- L106 · _0.3.1 1st antenatal (booking) visit_ — - Past mental illness: if serious (schizophrenia, bipolar, self-harm) or past postnatal depression → antenatal
- L127 · _0.3.2 Later visits_ — - Higher risk women: previously affected child, pre-existing DM, epilepsy
- L135 · _0.4 Structural abnormality screening_ — **Ultrasound**: detects pregnancy from ~5w gestation; used to date pregnancy.
- L168 · _0.5.1 Trisomy 21 (Down syndrome)_ — ### 0.5.1 Trisomy 21 (Down syndrome)
- L172 · _0.5.1 Trisomy 21 (Down syndrome)_ — - Congenital cardiac malformations common (esp. VSD/ASD), duodenal atresia
- L174 · _0.5.2 Trisomy 18 (Edwards syndrome)_ — ### 0.5.2 Trisomy 18 (Edwards syndrome)
- L178 · _0.5.3 Trisomy 13 (Patau syndrome)_ — ### 0.5.3 Trisomy 13 (Patau syndrome)
- L194 · _0.5.5 Screening with quadruple test_ — | Down syndrome | ↑ | ↓ | ↑ | ↑ |
- L200 · _0.5.6 Non-invasive prenatal testing (NIPT)_ — - >99% sensitivity/specificity for chromosomal abnormalities, especially Down syndrome
- L201 · _0.5.6 Non-invasive prenatal testing (NIPT)_ — - Private companies offer from 10w gestation
- L227 · _0.7 Use of anti-D_ — - 250 IU for sensitising events before 13 weeks' gestation
- L228 · _0.7 Use of anti-D_ — - 625 IU for sensitising events from 13 weeks' gestation onward, and for routine antenatal prophylaxis at 28 a
- L251 · _0.7 Use of anti-D_ — > The gestational boundary also differed: this block used **20 weeks**, the NBA-verified figures use **13 week
- L259 · _0.8 Antenatal care timetable_ — > [!info] Verified against RANZCOG's "Routine antenatal assessment in the absence of pregnancy complications" 
- L266 · _0.8 Antenatal care timetable_ — | Gestation | Content |
- L282 · _0.8 Antenatal care timetable_ — **Offer screening for**: anaemia, bacteriuria, blood group/Rhesus/anti-RBC antibodies, Down syndrome, fetal an
- L292 · _0.8 Antenatal care timetable_ — > **The same defect was corrected in [[08_01-03_Infectious_Disease_-_Bacterial_Infections]] Group B Strep (*St
- L313 · _0.9 Minor symptoms in pregnancy_ — > [!info] Verified — pemphigoid gestationis and its vesicular presentation, cardiac/heat-loss risk, and recurr
- L354 · _0.10 Hyperemesis gravidarum_ — **Complications**: AKI, Wernicke's encephalopathy, oesophagitis/Mallory-Weiss tear, VTE. Fetal: small ↑ in pre
- L389 · _0.11.1 Risk stratification_ — > [!info] Verified against the Queensland Clinical Guideline "VTE prophylaxis in pregnancy and the puerperium"
- L390 · _0.11.1 Risk stratification_ — > - Enoxaparin: 20mg SC OD if <50kg; 40mg if 50–90kg; 60mg if 91–130kg; 80mg if 131–170kg; 0.5mg/kg if ≥171kg
- L490 · _0.12.4 Hyperthyroidism in pregnancy_ — - Usually Graves' disease; associated with infertility, prematurity, fetal loss, malformations
- L527 · _0.12.7 Renal disease in pregnancy_ — > [!info] Verified against SA Health's "Urinary Tract Infections in Pregnancy" guideline — the drug choices be
- L528 · _0.12.7 Renal disease in pregnancy_ — > If present on MSU: cefalexin 500mg TDS PO for 5 days; trimethoprim (avoid in 1st trimester); nitrofurantoin 
- L543 · _0.12.8 Psychiatric conditions — drugs in pregnancy_ — - High risk of rapid postpartum relapse with significant risks to mother and infant, especially in bipolar dis
- L546 · _0.12.8 Psychiatric conditions — drugs in pregnancy_ — - SSRIs, usually sertraline: small risk of persistent fetal pulmonary HTN and neonatal withdrawal
- L551 · _0.12.8 Psychiatric conditions — drugs in pregnancy_ — > **Valproate and carbamazepine are contraindicated in women of childbearing age (WoCA).**
- L557 · _0.12.8 Psychiatric conditions — drugs in pregnancy_ — **Lithium**: associated with teratogenicity, neonatal thyroid abnormality, floppy baby syndrome.
- L562 · _0.12.8 Psychiatric conditions — drugs in pregnancy_ — - **No breastfeeding** — neonatal toxicity risk
- L570 · _0.12.8 Psychiatric conditions — drugs in pregnancy_ — **Benzodiazepines**: associated with cleft lip/palate — avoid. Avoid diazepam in delivery (neonatal withdrawal
- L574 · _0.12.9 Epilepsy in pregnancy_ — **D**: ~0.5% of women of childbearing age. Other seizure causes to exclude: eclampsia, cerebral vein thrombosi
- L579 · _0.12.9 Epilepsy in pregnancy_ — - Counsel on ↑risk of epilepsy in children (4–5% if either parent affected, 15–20% if both)
- L614 · _0.12.10 Connective tissue disease in pregnancy_ — - If mother Ro+ve: 2% risk of congenital heart block, 5% transient neonatal cutaneous lupus
- L631 · _0.12.12 Rubella in pregnancy_ — ### 0.12.12 Rubella in pregnancy
- L638 · _0.12.12 Rubella in pregnancy_ — **Congenital rubella syndrome**: sensorineural deafness, congenital cataracts (infection at 8–9w), congenital 
- L642 · _0.12.13 Measles in pregnancy_ — ### 0.12.13 Measles in pregnancy
- L648 · _0.12.13 Measles in pregnancy_ — **Implications in pregnancy**: associated with fetal loss and preterm delivery; no congenital infection/abnorm
- ... and 1 more

## Corpus A/16_06-07_Ante-Perinatal_Infections.md — 38 unmarked paediatric signals (population: mixed)
- L3 · _(no heading)_ — source: quackquackmed 16.06-07 Ante/perinatal infections
- L10 · _(no heading)_ — > [!info] Localisation status — every antibiotic/antiviral regimen in this file has now been individually veri
- L16 · _CMV (Cytomegalovirus) in pregnancy_ — **E**: 5:1000 live births infected. 20% develop late, usually minor problems (1:1000). 10% symptomatic — 1/3 d
- L20 · _CMV (Cytomegalovirus) in pregnancy_ — **Fetal s/smx (congenital CMV)**: growth retardation, pinpoint petechial "blueberry muffin" skin lesions, micr
- L24 · _CMV (Cytomegalovirus) in pregnancy_ — **Prevention**: avoid exposure to toddlers' urine.
- L40 · _Toxoplasmosis in pregnancy_ — > [!info] Verified against SA Health's Toxoplasmosis in Pregnancy Perinatal Practice Guideline, Aug 2026 — **t
- L42 · _Toxoplasmosis in pregnancy_ — > - If <18w gestation: start spiramycin 1g PO q8h ASAP
- L45 · _Toxoplasmosis in pregnancy_ — > - If ≥18w and fetal infection confirmed: pyrimethamine 50mg BD day 1, then 1mg/kg/day thereafter; **and** su
- L55 · _Intrauterine syphilis_ — **Fetal/neonatal s/smx**: rhinitis & snuffles, rash, hepatosplenomegaly, lymphadenopathy, anaemia, jaundice, a
- L59 · _Intrauterine syphilis_ — > [!info] Verified against Melbourne Sexual Health Centre's syphilis-in-pregnancy treatment guidelines and cur
- L62 · _Intrauterine syphilis_ — > - Neonate, lower risk (mother treated ≥30 days before delivery, neonatal RPR <4× maternal): benzathine penic
- L63 · _Intrauterine syphilis_ — > - Neonate, higher risk or inadequately/not treated: more intensive IV benzylpenicillin course per current lo
- L96 · _Listeria_ — > **Isolate baby.** Treat with ampicillin (dosing broadly similar internationally, commonly cited around 50–10
- L98 · _Listeria_ — > [!info] Verified, Aug 2026 — the ampicillin + gentamicin combination itself is genuinely standard first-line
- L106 · _Hepatitis B in pregnancy_ — **Maternal infection**: can be asymptomatic. Acute infection in mid/3rd trimester → high risk of perinatal inf
- L108 · _Hepatitis B in pregnancy_ — **Fetal infection**: without immunisation, 95% of babies born to these mothers develop Hep B; 93% become chron
- L110 · _Hepatitis B in pregnancy_ — **Mx**: immunoglobulin (200U IM) + vaccinate babies of carriers/infected mothers at birth. In uncomplicated He
- L136 · _Herpes simplex (HSV) in pregnancy_ — - If vaginal delivery: give mother and newborn high-dose aciclovir
- L139 · _Herpes simplex (HSV) in pregnancy_ — **Fetal infection**: if vaginal delivery, risk to baby 41% → high-dose aciclovir; PCR for baby at birth. Neona
- L145 · _Varicella zoster in pregnancy_ — ## Varicella zoster in pregnancy
- L152 · _Varicella zoster in pregnancy_ — - **Fetal varicella syndrome**: 1% risk if infection before 20w — skin scarring, eye defects (microphthalmia),
- L154 · _Varicella zoster in pregnancy_ — - **Severe neonatal varicella**: fatal in 20% of cases — risk if mother develops rash between 5 days before an
- L157 · _Varicella zoster in pregnancy_ — > - If in doubt, check maternal blood for varicella antibodies urgently
- L158 · _Varicella zoster in pregnancy_ — > - If ≤20w and not immune: give **VZIG (varicella zoster immunoglobulin)** ASAP — effective up to 10 days pos
- L165 · _Chlamydia trachomatis (perinatal)_ — ## Chlamydia trachomatis (perinatal)
- L169 · _Chlamydia trachomatis (perinatal)_ — **Fetal infection/complications**: associated with low birthweight, premature membrane rupture, fetal death; 3
- L171 · _Chlamydia trachomatis (perinatal)_ — > [!info] Verified, Aug 2026 — the erythromycin dose/duration below is broadly consistent with current interna
- L172 · _Chlamydia trachomatis (perinatal)_ — > Local eye cleansing. Erythromycin ~12.5mg/kg/6h PO for 2–3 weeks eliminates lung organisms. Give parents ery
- L174 · _Gonorrhoea (perinatal)_ — ## Gonorrhoea (perinatal)
- L180 · _Gonorrhoea (perinatal)_ — > [!info] Verified, Aug 2026 — **genuinely important Australian-specific practice point, per Children's Health
- L181 · _Gonorrhoea (perinatal)_ — > - Infants of mothers with known untreated gonorrhoea, or infants with confirmed gonococcal conjunctivitis: s
- L183 · _Ophthalmia neonatorum_ — ## Ophthalmia neonatorum
- L185 · _Ophthalmia neonatorum_ — **D**: purulent discharge from eye of a neonate <21 days old.
- L207 · _TB in pregnancy_ — - BCG vaccination after birth for: all babies born into households with TB; mothers from areas with high TB pr
- L216 · _Group B Streptococcus (GBS)_ — 🔀 Mother to child — 20–40% of mothers carry GBS in bowel flora.
- L218 · _Group B Streptococcus (GBS)_ — **Risk factors for transmission**: premature birth, prolonged rupture of membranes, previous sibling GBS infec
- L224 · _Group B Streptococcus (GBS)_ — > [!info] Verified against Safer Care Victoria's Group B Streptococcus (GBS) — screening and management guidel
- L226 · _Group B Streptococcus (GBS)_ — > **Timing is part of the dose.** **IAP should be given ≥4 hours before birth** wherever possible — prophylaxi

## Corpus A/16_08-09_Antenatal_and_Perinatal_Problems.md — 22 unmarked paediatric signals (population: mixed)
- L3 · _(no heading)_ — source: quackquackmed 16.08-09 Antenatal problems / Perinatal baby problems
- L12 · _Small for gestational age (SGA)_ — ## Small for gestational age (SGA)
- L14 · _Small for gestational age (SGA)_ — **D**: <10th centile for gestational age, or abdominal circumference <10th centile.
- L18 · _Small for gestational age (SGA)_ — **A**: abnormal trophoblast invasion tends to cause **asymmetrical** growth restriction (head sparing, ↓abdomi
- L33 · _Large for gestational age (LGA)_ — ## Large for gestational age (LGA)
- L35 · _Large for gestational age (LGA)_ — **D**: >95th centile in weight for gestation.
- L87 · _Pre-eclampsia_ — - **Prevention**: in women with ≥1 high-risk or ≥2 moderate-risk factors — aspirin 150mg PO nightly, commencin
- L115 · _HELLP syndrome_ — **Complications**: eclampsia, fetal IUGR/prematurity, liver involvement, heart failure, haemorrhage (placental
- L127 · _Oligohydramnios_ — - Fetal: chromosomal abnormalities (e.g. Potter sequence — bilateral renal agenesis + pulmonary hypoplasia → ↓
- L131 · _Polyhydramnios_ — **D**: excessive amniotic fluid — suspect if uterine size large for gestational age; amniotic fluid index ≥24c
- L145 · _Prematurity_ — ## Prematurity
- L147 · _Prematurity_ — **D**: infant born before 37w gestation. Extreme prematurity: <28w. Term infants: 37–41w.
- L149 · _Prematurity_ — **R**: intrauterine infection, preterm premature rupture of membranes, pre-eclampsia/PIH, placental abruption,
- L151 · _Prematurity_ — **Risks/complications in premature infants**
- L156 · _Prematurity_ — | Sepsis | ↑risk with ↓gestational age and invasive procedures |
- L157 · _Prematurity_ — | Anaemia of prematurity | Treat with adequate nutrition + iron supplementation |
- L163 · _Prematurity_ — | Retinopathy of prematurity | Associated with excessive O2 exposure; maintain sats 85–93% until 32w post-mens
- L168 · _Prematurity_ — > [!note] Extreme prematurity carries the highest mortality risk of all prematurity categories.
- L174 · _Postmaturity_ — **D**: infant born after 42w pregnancy.
- L178 · _Postmaturity_ — **Risks to baby & mother**: intrapartum deaths (4x risk), early neonatal deaths (3x risk), ↑induction/operativ
- L198 · _Birth injuries_ — | Intracranial injuries | ICH associated with difficult/fast labour, instrumental or breech delivery, especial
- L201 · _Birth injuries_ — *See 15.23 for minor neonatal problems.*

## Corpus A/16_10-13_Labour_and_Delivery.md — 21 unmarked paediatric signals (population: mixed)
- L15 · _Normal labour_ — - Occurs after 37w gestation
- L110 · _Pain relief in labour_ — | Opiate analgesia (e.g. pethidine 50–150mg IM) | Limited pain relief, significant SE (drowsiness, N&V; short-
- L142 · _Multiple pregnancy_ — **Complications during pregnancy**: polyhydramnios, pre-eclampsia (30% in twins), anaemia, ↑antepartum haemorr
- L144 · _Multiple pregnancy_ — **Fetal complications**: ↑perinatal mortality, prematurity (mean gestation 37w twins, 33w triplets), growth re
- L152 · _Multiple pregnancy_ — - Have paediatricians (1 per baby) at delivery in case resus needed
- L160 · _Breech presentation_ — **R**: prematurity, SGA, nulliparity, fetal congenital anomalies, previous breech delivery, uterine malformati
- L171 · _Breech presentation_ — - Patient education: planned C-section reduces perinatal/neonatal mortality risk; mode of birth does not influ
- L184 · _Meconium-related problems_ — > Request immediate induction of labour in a consultant-led unit with advanced neonatal life support available
- L188 · _Meconium-related problems_ — **D**: respiratory distress in the newborn due to meconium presence in the trachea. Occurs in 1:1000 deliverie
- L192 · _Meconium-related problems_ — **Mx**: only suction airway if thick meconium present in oropharynx and baby requires resuscitation — should b
- L202 · _Reduced fetal movements (RFM)_ — **R**: fetal growth restriction, SGA, placental insufficiency, congenital malformations.
- L206 · _Reduced fetal movements (RFM)_ — | Gestation | Mx |
- L220 · _Retained placenta_ — **R**: previous retained placenta or uterine surgery, preterm delivery, maternal age >35, placental weight <60
- L285 · _Stillbirth / intrauterine fetal death (IUFD)_ — > [!info] Verified — the Australian definition of stillbirth is death in utero at or after **20 weeks' gestati
- L287 · _Stillbirth / intrauterine fetal death (IUFD)_ — **D**: death in utero at or after 20 weeks' gestation (or birthweight ≥400g); loss before this threshold is cl
- L289 · _Stillbirth / intrauterine fetal death (IUFD)_ — **Causes**: no cause found in 28%; placental cause 12%; ante-/intrapartum haemorrhage 11%; major congenital an
- L360 · _Placenta accreta_ — > [!warning] **These recommendations are attributed to the RCOG — a UK college — and are not confirmed as Aust
- L379 · _Other causes of antepartum haemorrhage (APH)_ — **D**: genital tract bleeding from 24w gestation. 3–5% of pregnancies.
- L424 · _Puerperal psychosis_ — **Mx**: admit + refer to perinatal psychiatry team or psychiatric liaison; ideally specialist mother and baby 
- L426 · _Puerperal psychosis_ — **P**: risk of recurrence in a following pregnancy is high — **published estimates range roughly 25–50%, and [
- L428 · _Puerperal psychosis_ — > [!note] **A prior history of bipolar disorder is the other major risk factor** (~30% risk of a postpartum ep

## Corpus A/16_14-15_Obstetric_Emergencies.md — 6 unmarked paediatric signals (population: mixed)
- L19 · _Sepsis in the puerperium_ — - UTI, preterm prolonged rupture of membranes, cervical cerclage: Gram-negative bacilli
- L34 · _Sepsis in the puerperium_ — - Sepsis is associated with preterm labour — alert neonatal unit
- L93 · _Placental abruption_ — | Gestation & stability | Mx |
- L100 · _Placental abruption_ — **P**: for baby — depends on gestational age at abruption (younger = worse outcomes). For mother — monitor sub
- L108 · _Cord prolapse_ — **R**: 2nd twin, footling breech, prematurity, polyhydramnios, unengaged head, transverse or unstable lie, mal
- L191 · _Uterine rupture_ — - Notify anaesthesia, neonatology

## Corpus A/16_16-17_Contraception.md — 2 unmarked paediatric signals (population: mixed)
- L188 · _Postpartum contraception_ — | IUS | Can insert within 48h of childbirth (no additional contraception needed) or after 4w postpartum (barri
- L189 · _Postpartum contraception_ — | Copper IUD | Can insert within 48h of childbirth, or after 4w postpartum (effective immediately); can insert

## Corpus A/17_01_FGM__Amenorrhoea__PCOS.md — 4 unmarked paediatric signals (population: mixed)
- L19 · _Female genital mutilation (FGM)_ — > - **Extraterritorial provisions apply**: it is a specific offence under SA law to take a child from the stat
- L20 · _Female genital mutilation (FGM)_ — > - SA courts can make protective orders under the Children and Young People (Safety) Act 2017 (SA) where a ch
- L22 · _Female genital mutilation (FGM)_ — > - Engage child safeguarding for any suspected case, consistent with the general principle already establishe
- L107 · _Causes_ — - Late-onset congenital adrenal hyperplasia

## Corpus A/17_03_Termination_of_Pregnancy_and_Miscarriage.md — 14 unmarked paediatric signals (population: mixed)
- L10 · _(no heading)_ — > [!info] Localised for Australia — verified against the Termination of Pregnancy Act 2021 (SA) directly (via 
- L17 · _Termination of pregnancy (TOP)_ — > - Early medication abortion (EMA) can be prescribed/administered by a range of registered health practitione
- L22 · _Termination of pregnancy (TOP)_ — > [!info] Other states/territories — gestational limits (on-request, before a second-practitioner requirement 
- L28 · _Termination of pregnancy (TOP)_ — > - **ACT:** no specified gestational limit
- L34 · _Termination of pregnancy (TOP)_ — - If patient <16yo presents for TOP: standard principles of consent for minors apply — see [[Clinical-Process-
- L38 · _Medical/drug options_ — - Mifepristone followed 48h later by prostaglandin (e.g. misoprostol) — "mimics a miscarriage"; doses depend o
- L39 · _Medical/drug options_ — - May be done at home depending on gestation; timing is not predictable
- L51 · _Choice of procedure_ — | Gestation | Options |
- L59 · _Choice of procedure_ — **Before TOP**: offer counselling + support; US to confirm gestation and identify non-viable/ectopic pregnancy
- L61 · _Choice of procedure_ — > [!warning] **The gestational threshold for anti-D after termination is unresolved between the two entries.**
- L78 · _Miscarriage_ — **D**: involuntary, spontaneous loss of pregnancy before 20 weeks' gestation (the Australian definition — genu
- L87 · _Miscarriage_ — > | Missed/delayed | Gestational sac containing a dead fetus before 20w without symptoms of expulsion; closed 
- L98 · _Miscarriage_ — - Consider miscarriage if gestational sac mean diameter ≥25mm with no visible yolk sac/fetal pole, or crown-ru
- L123 · _Recurrent miscarriage_ — **D**: loss of ≥3 consecutive pregnancies before 20w with the same biological father (Australian gestational t

## Corpus A/17_04_Ectopic_Pregnancy_and_GTD.md — 5 unmarked paediatric signals (population: mixed)
- L3 · _(no heading)_ — source: quackquackmed 17.04 Ectopic Pregnancy, Gestational Trophoblastic Disease
- L16 · _Ectopic pregnancy_ — > [!info] Gap-filled — the "6–8 week" rupture timing and "more dangerous if in the isthmus" were both stated a
- L35 · _Ectopic pregnancy_ — - High-resolution transvaginal US to locate pregnancy — "bagel sign" = empty gestational sac; if pregnancy can
- L58 · _Gestational trophoblastic disease (GTD)_ — ## Gestational trophoblastic disease (GTD)
- L62 · _Gestational trophoblastic disease (GTD)_ — - **Gestational trophoblastic neoplasia (GTN)**: persistent locally invasive and/or metastatic trophoblastic t

## Corpus A/17_05_PID__Endometriosis__Fibroids.md — 1 unmarked paediatric signals (population: adult)
- L19 · _Male subfertility_ — | Azoospermia — obstructive | Congenital bilateral absence of vas deferens, vasectomy, chlamydia, gonorrhoea |

## Corpus A/17_06_Subfertility_and_OHSS.md — 2 unmarked paediatric signals (population: mixed)
- L63 · _In vitro fertilisation (IVF)_ — > [!info] Localised for Australia — verified against Services Australia and current fertility provider informa
- L64 · _In vitro fertilisation (IVF)_ — > - **Core eligibility:** diagnosed as medically infertile by a fertility specialist, with a valid referral (G

## Corpus A/17_08_Vaginal_Discharge__Urinary_Incontinence__Pelvic_Organ_Prolapse.md — 6 unmarked paediatric signals (population: mixed)
- L14 · _Vaginal discharge — differential diagnosis_ — **Physiological discharge**: due to pregnancy, sexual arousal, puberty, COCP.
- L31 · _Bacterial vaginosis (BV)_ — **Complications in pregnancy**: preterm labour, low birthweight, chorioamnionitis, late miscarriage. Treat sti
- L83 · _Discharge in children_ — ### Discharge in children
- L84 · _Discharge in children_ — - May be infection from faecal flora associated with prepubertal atrophic vaginitis
- L87 · _Discharge in children_ — > [!danger] Always consider sexual abuse in a child presenting with vaginal discharge.
- L109 · _Urinary incontinence_ — **R**: ↑age, previous pregnancy/childbirth, high BMI, hysterectomy, FHx.

## Corpus A/18_Geriatrics_and_Older_Persons_Health.md — 6 unmarked paediatric signals (population: mixed)
- L205 · _Abuse of Older People (Elder Abuse) and Carer Stress_ — > [!note] Gap-filled from CSV ("Elder abuse / carer stress recognition," High yield). The only genuinely absen
- L216 · _Abuse of Older People (Elder Abuse) and Carer Stress_ — **R:** older person factors — cognitive impairment (particularly dementia), functional dependence, social isol
- L231 · _Abuse of Older People (Elder Abuse) and Carer Stress_ — - Examine and **document thoroughly and objectively** — describe and measure injuries, distinguish fact from o
- L233 · _Abuse of Older People (Elder Abuse) and Carer Stress_ — > [!danger] The Australian reporting position — and it is genuinely different from child abuse, which is where
- L234 · _Abuse of Older People (Elder Abuse) and Carer Stress_ — > **There is no general statutory mandatory reporting obligation for elder abuse in Australia.** This is a rea
- L252 · _Discharge Planning and Home Safety Assessment_ — > [!note] Gap-filled from CSV ("Discharge planning / home safety assessment," High yield). Partially present b

## Corpus A/19_General_Practice_and_Preventive_Medicine.md — 1 unmarked paediatric signals (population: mixed)
- L60 · _0.1.3 Immunisation across the lifespan_ — The **National Immunisation Program (NIP)** provides funded vaccines. The **childhood schedule** is built in [

## Corpus A/Clinical-Process-EBM-Consent-Capacity.md — 11 unmarked paediatric signals (population: mixed)
- L53 · _Consent and children_ — ## Consent and children
- L56 · _Consent and children_ — - For children under 16, **Gillick competence** (a common law concept, not specific to SA legislation) is the 
- L57 · _Consent and children_ — - Parental consent is otherwise required for a child's treatment, with the same general emergency-treatment pr
- L58 · _Consent and children_ — - Disagreement between parents, or between a Gillick-competent minor and their parents, over a child's treatme
- L78 · _Documenting in the Medical Notes_ — - **Factually and objectively**, distinguishing what you observed from what you inferred. Record the patient's
- L84 · _Documenting in the Medical Notes_ — - **Retention:** generally **at least 7 years from the last entry** for an adult, and for a child **until they
- L95 · _Mandatory Reporting — the Overarching Duty_ — > [!note] Gap-filled from CSV ("Mandatory reporting (Overall Skill)," Medium yield). **Partially present, in a
- L97 · _Mandatory Reporting — the Overarching Duty_ — > [!danger] **There is no single "mandatory reporting" duty in Australia. There are several separate ones, wit
- L103 · _The duties, and what actually triggers each_ — | **Child protection** | Reasonable suspicion of child abuse or neglect. Doctors **are** mandated reporters; f
- L108 · _The duties, and what actually triggers each_ — | **Family violence (adult victim)** | **No general duty** for a competent adult; obligations vary by jurisdic
- L127 · _Notifiable conduct — reporting a colleague_ — > [!tip] The generalisable question, given the duties differ: **for any concern, ask three things — is there a

## Corpus A/Communication.md — 18 unmarked paediatric signals (population: mixed)
- L38 · _1.1 Consent for Blood Transfusion_ — - For a child of Jehovah's Witness parents needing a transfusion, this becomes a different and more complex si
- L207 · _1.6 Domestic and Family Violence — Identification and Initial Response_ — > [!danger] The single most important procedural rule: **never ask about violence in front of the partner, a f
- L216 · _1.6.1 Recognising it_ — - **Coercive control**, which may be present with no physical violence at all: monitoring, isolation from fami
- L229 · _1.6.2 Responding_ — - **Assess immediate safety** — is it safe to go home today; are children involved; are weapons present.
- L232 · _1.6.2 Responding_ — - **Document carefully and factually**, in the person's own words, with body-diagram or measured descriptions 
- L237 · _1.6.2 Responding_ — > - **Fear of child removal is a major, historically grounded barrier to disclosure**, and it is rational rath
- L243 · _1.6.2 Responding_ — > - **Children exposed to family violence** — this engages child protection mandatory reporting duties, which 
- L347 · _1.9 Explaining a Safeguarding Referral_ — > [!note] Gap-filled from CSV ("Safeguarding (e.g. explaining a safeguarding referral)," Medium yield). **Same
- L355 · _1.9.1 First: does the family get told at all?_ — > **Do not tell them** — or defer telling them, having taken advice — where doing so would **increase risk to 
- L356 · _1.9.1 First: does the family get told at all?_ — > Where a **child has disclosed to you**, discuss with them what will happen next, at a level they can hold. *
- L358 · _1.9.1 First: does the family get told at all?_ — > [!info] **A timing nuance worth knowing, because it changes what you say:** most reports to child protection
- L372 · _1.9.2 Having the conversation_ — - [ ] Emphasise the purpose is **support and safety, not punishment** — most child protection involvement is s
- L380 · _1.9.2 Having the conversation_ — - Naming the obligation: *"In my job, when I see this, I have to let child protection know. That's the same fo
- L431 · _1.11 The Family, and Families in Crisis_ — > [!note] Gap-filled from CSV ("The family, families in crisis, significant presentations of family dysfunctio
- L437 · _1.11 The Family, and Families in Crisis_ — - **A child** with unexplained symptoms, behavioural change, faltering growth, or developmental concerns (see 
- L442 · _1.11 The Family, and Families in Crisis_ — **Assessment** — ask about household composition and who does what; who the patient relies on and who relies o
- L446 · _1.11 The Family, and Families in Crisis_ — > [!info] **Two things worth holding.** **The identified patient may not be the person in most difficulty** — 
- L458 · _1.12.1 The professional obligation_ — - **It extends beyond the patient** — to people close to them, including a carer, guardian, spouse, or the par

## Corpus A/Examination.md — 35 unmarked paediatric signals (population: mixed)
- L110 · _GALS Screen (Gait, Arms, Legs, Spine)_ — 2. **Spine:** inspect from behind (symmetry, scoliosis — see [[11_06_Ortho_-_Spinal_Orthopaedics]] Scoliosis) 
- L112 · _GALS Screen (Gait, Arms, Legs, Spine)_ — 4. **Legs:** with the patient lying supine — passive knee flexion and extension (feeling for crepitus, which r
- L342 · _Peripheral Neurological Examination (Upper/Lower Limb)_ — 4. **Reflexes:** biceps, triceps, supinator (upper limb); knee, ankle (lower limb); plantar response (Babinski
- L438 · _Fundoscopy (Direct Ophthalmoscopy)_ — 3. Start ~30cm away and identify the red reflex first (*why:* an absent or abnormal red reflex is itself diagn
- L460 · _Otoscopy_ — 2. **Straighten the ear canal before inserting the otoscope** — in adults, gently pull the pinna **up and back
- L464 · _Otoscopy_ — 6. **Systematically assess the tympanic membrane** using the "cone of light" (a reflection normally seen anter
- L576 · _Approach to Paediatric Examination_ — ## Approach to Paediatric Examination
- L578 · _Approach to Paediatric Examination_ — > [!note] Gap-filled from CSV ("Approach to Paediatric Examination," Medium yield) — genuinely absent as a gen
- L581 · _Approach to Paediatric Examination_ — - Get down to the child's eye level rather than towering over them, particularly for toddlers and preschoolers
- L582 · _Approach to Paediatric Examination_ — - Build rapport with both the child and the accompanying parent/caregiver — establish who the history is comin
- L583 · _Approach to Paediatric Examination_ — - Be honest about anything that will be uncomfortable, in age-appropriate language — telling a child something
- L584 · _Approach to Paediatric Examination_ — - Allow the child to inspect equipment first (e.g. let them hold or look at the stethoscope) — this demystifie
- L587 · _Approach to Paediatric Examination_ — - **Least distressing components first, most distressing last** — general observation and auscultation before 
- L588 · _Approach to Paediatric Examination_ — - **Opportunistic examination** — much of the exam can and should happen while still taking the history and bu
- L589 · _Approach to Paediatric Examination_ — - **Age-specific positioning:** infants and toddlers are often best examined on the parent's lap rather than a
- L591 · _Approach to Paediatric Examination_ — **General inspection — disproportionately informative in paediatrics, more so than in adult examination:**
- L592 · _Approach to Paediatric Examination_ — - **Developmental milestones should be reviewed opportunistically as part of every examination**, not only whe
- L593 · _Approach to Paediatric Examination_ — - **Growth parameters** (height/length, weight, head circumference, plotted on the appropriate growth chart) a
- L594 · _Approach to Paediatric Examination_ — - General appearance and behaviour, observed from the moment of first contact (in the waiting room or as the f
- L597 · _Approach to Paediatric Examination_ — - Heart rate, respiratory rate, and blood pressure normal ranges all vary substantially and continuously with 
- L599 · _Approach to Paediatric Examination_ — **Common pitfalls specific to paediatric examination:**
- L600 · _Approach to Paediatric Examination_ — - Distinguishing wheeze from stridor — genuinely different sounds with different differentials (lower vs upper
- L601 · _Approach to Paediatric Examination_ — - Recognising illness severity through observation before hands-on findings — e.g. a child with peritonism cla
- L602 · _Approach to Paediatric Examination_ — - Being familiar with the common, important rash patterns in children specifically (e.g. the purpuric rash of 
- L604 · _Approach to Paediatric Examination_ — **Cross-reference:** the individual system examinations elsewhere in this file (cardiovascular, respiratory, a
- L608 · _Newborn Examination_ — ## Newborn Examination
- L610 · _Newborn Examination_ — > [!note] Gap-filled from CSV ("Newborn examination and screening," Medium yield) — genuinely absent as its ow
- L615 · _Newborn Examination_ — - **Head and neck:** fontanelles (size, tension — bulging or sunken are both abnormal), sutures, caput succeda
- L616 · _Newborn Examination_ — - **Eyes:** **red reflex** using an ophthalmoscope (see [[05_Ophthalmology]] for the full findings this screen
- L618 · _Newborn Examination_ — - **Cardiorespiratory:** auscultate heart sounds and murmurs, respiratory rate and effort; **pre- and post-duc
- L626 · _Newborn Examination_ — > [!danger] Urgent findings warranting same-day escalation, not routine follow-up: jaundice within the first 2
- L634 · _Scoliosis Screening (Adam's Forward Bend Test)_ — > [!note] Gap-filled — the specific screening technique for scoliosis, distinct from the general GALS spinal i
- L636 · _Scoliosis Screening (Adam's Forward Bend Test)_ — **Technique:** with the child standing and bare-chested (privacy maintained, observer as appropriate), ask the
- L642 · _Scoliosis Screening (Adam's Forward Bend Test)_ — **Interpretation:** a positive test (visible asymmetry/rib hump) warrants further assessment — clinical measur
- L662 · _Trendelenburg's Sign and Gait_ — - **Mechanical/orthopaedic hip pathology:** hip osteoarthritis (see [[12_01_Rheum_-_Rheumatoid_Arthritis__Oste

## Corpus A/History-Taking.md — 31 unmarked paediatric signals (population: mixed)
- L114 · _1.4 Heart Murmur (history context)_ — > [!note] This CSV row ("Heart – Murmur") is primarily an examination finding rather than a presenting complai
- L495 · _1.21 Skin Lesion / Rash_ — - **Infectious contact/outbreak history:** unwell contacts with a similar rash, recent school/childcare attend
- L520 · _1.22 Fever and Suspected Infection_ — - **Immunisation status:** relevant both to excluding vaccine-preventable causes and to informing risk if a va
- L524 · _1.22 Fever and Suspected Infection_ — **ICE:** fever often triggers disproportionate anxiety in patients/parents (particularly for paediatric presen
- L545 · _1.23 Psychiatric History_ — - **Personal (developmental) history:** birth and early development, childhood (family environment, any histor
- L555 · _1.23 Psychiatric History_ — - Risk to dependants: particularly relevant in the perinatal context (see [[14_01_Psych_-_Mood_Disorders__Depr
- L586 · _1.24.1 The 4 Ps — the grid that does the work_ — > [!tip] **A worked example, deliberately brief.** *Predisposing:* family history of depression (bio), childho
- L598 · _1.25 Adolescent Psychosocial Assessment (HEADSS/HEEADSSS)_ — ## 1.25 Adolescent Psychosocial Assessment (HEADSS/HEEADSSS)
- L600 · _1.25 Adolescent Psychosocial Assessment (HEADSS/HEEADSSS)_ — > [!note] Gap-filled from CSV ("Adolescent health care incl - HEADSS," Medium yield) — genuinely absent despit
- L602 · _1.25 Adolescent Psychosocial Assessment (HEADSS/HEEADSSS)_ — **Opening:** for an adolescent specifically, **explicitly discuss confidentiality before beginning** — explain
- L606 · _1.25 Adolescent Psychosocial Assessment (HEADSS/HEEADSSS)_ — 1. **Home:** who lives at home, relationships with family members, any recent changes (separation, new partner
- L608 · _1.25 Adolescent Psychosocial Assessment (HEADSS/HEEADSSS)_ — 3. **Eating:** body image, any dieting or weight concerns, eating patterns — a genuinely important domain to s
- L618 · _1.25 Adolescent Psychosocial Assessment (HEADSS/HEEADSSS)_ — - The assessment does not need to be completed in a single consultation — for a guarded or complex adolescent,
- L621 · _1.25 Adolescent Psychosocial Assessment (HEADSS/HEEADSSS)_ — **ICE:** adolescents are often acutely aware of, and sensitive to, being judged — explicitly normalising the b
- L629 · _1.26 Growth Failure (Faltering Growth)_ — > [!note] Gap-filled from CSV ("Growth Failure," High yield) — genuinely absent as a presentation-led history 
- L633 · _1.26 Growth Failure (Faltering Growth)_ — **Presenting complaint structure — establishing the actual growth pattern is the essential first step, ideally
- L634 · _1.26 Growth Failure (Faltering Growth)_ — - When was the growth concern first noticed, and by whom (parent, child and family health nurse, incidental fi
- L639 · _1.26 Growth Failure (Faltering Growth)_ — - Detailed dietary history — what, how much, and how often the child is actually eating/drinking, ideally incl
- L645 · _1.26 Growth Failure (Faltering Growth)_ — - GI symptoms: diarrhoea, steatorrhoea, abdominal distension/pain, vomiting — raises coeliac disease, cystic f
- L647 · _1.26 Growth Failure (Faltering Growth)_ — - Endocrine screen: cold intolerance, constipation, prolonged neonatal jaundice (congenital hypothyroidism — s
- L648 · _1.26 Growth Failure (Faltering Growth)_ — - Cardiac/respiratory effort during feeds in infants — increased work of breathing or excessive fatigue during
- L649 · _1.26 Growth Failure (Faltering Growth)_ — - Developmental history — a global developmental delay alongside growth failure broadens the differential towa
- L651 · _1.26 Growth Failure (Faltering Growth)_ — **Birth and early history:** birth weight, gestational age, any neonatal problems (prematurity, birth asphyxia
- L654 · _1.26 Growth Failure (Faltering Growth)_ — - Parental heights (for mid-parental height estimation, per [[Investigation-Interpretation]] Growth Charts and
- L656 · _1.26 Growth Failure (Faltering Growth)_ — - Social circumstances — parental mental health, substance use, domestic circumstances, and the quality of par
- L660 · _1.26 Growth Failure (Faltering Growth)_ — > [!danger] Red flags warranting urgent assessment: severe or rapidly progressive growth failure; signs of deh
- L705 · _1.28 Bruising and Bleeding_ — - **Onset and timing:** lifelong (congenital — vWD, haemophilia) vs new onset (acquired — ITP, liver disease, 
- L706 · _1.28 Bruising and Bleeding_ — - **Severity and triggers:** what specifically prompted the bleeding (spontaneous, minor trauma, surgery, dent
- L712 · _1.28 Bruising and Bleeding_ — - **Associated systemic symptoms:** fever, weight loss, lymphadenopathy, bone pain (raises concern for a haema
- L737 · _1.29 Joint Pain (Generalised and Local)_ — - **Preceding illness/trigger:** recent sore throat (rheumatic fever, reactive/post-streptococcal arthritis), 
- L758 · _1.30 Scrotal Pain and Swelling_ — - **Age:** torsion is most common in adolescents/young adults (peak 13–15yo) — a sudden severe presentation in

## Corpus A/Investigation-Interpretation.md — 22 unmarked paediatric signals (population: mixed)
- L187 · _1.7 Limb X-Ray and Fracture Description — Systematic Approach_ — - **Spiral** (curves around the bone — typically a rotational/torsional force; a genuinely important pattern t
- L190 · _1.7 Limb X-Ray and Fracture Description — Systematic Approach_ — - **Buckle/torus and greenstick** (incomplete fractures specific to the more pliable, still-growing paediatric
- L397 · _1.16 Autoimmune Markers — Systematic Reference_ — - **Anti-Ro (SSA) and anti-La (SSB):** associated with Sjögren syndrome (70% and 30% respectively — see [[12_0
- L452 · _1.19 Growth Charts and Percentile Interpretation_ — > [!note] Gap-filled from CSV ("Growth charts / percentile interpretation," Medium yield) — genuinely absent a
- L454 · _1.19 Growth Charts and Percentile Interpretation_ — **What growth charts plot:** height/length, weight, and (in infants/young children) head circumference, each p
- L456 · _1.19 Growth Charts and Percentile Interpretation_ — **Percentiles — the core interpretive concept:** a percentile line shows where a given measurement sits relati
- L458 · _1.19 Growth Charts and Percentile Interpretation_ — **The single most important interpretive principle: trend over time matters more than any single measurement.*
- L459 · _1.19 Growth Charts and Percentile Interpretation_ — - **Crossing percentile lines downward** (e.g. a child moving from the 75th percentile to the 25th over severa
- L460 · _1.19 Growth Charts and Percentile Interpretation_ — - **A measurement significantly below the parental target/mid-parental height centile** — a child's expected h
- L463 · _1.19 Growth Charts and Percentile Interpretation_ — **Head circumference specifically:** plotted the same way, with a **crossing-percentiles pattern being a parti
- L467 · _1.19 Growth Charts and Percentile Interpretation_ — **Cross-reference:** see [[15_07_Paeds_-_Abdominal_Pain__Neuroblastoma__Coeliac_Disease__Malnutrition__Diarrho
- L469 · _1.20 Paediatric Bloods and Imaging — How Interpretation Differs from Adults_ — ## 1.20 Paediatric Bloods and Imaging — How Interpretation Differs from Adults
- L471 · _1.20 Paediatric Bloods and Imaging — How Interpretation Differs from Adults_ — > [!note] Gap-filled from CSV ("Quick revisit of bloods/imaging as they present differently in kids," Medium y
- L473 · _1.20 Paediatric Bloods and Imaging — How Interpretation Differs from Adults_ — **The core principle:** many blood results and imaging findings that would be clearly abnormal in an adult are
- L476 · _1.20 Paediatric Bloods and Imaging — How Interpretation Differs from Adults_ — - **Haemoglobin:** newborns have a physiologically high Hb at birth (reflecting the relatively hypoxic intraut
- L477 · _1.20 Paediatric Bloods and Imaging — How Interpretation Differs from Adults_ — - **White cell count and differential:** infants and young children normally run a relatively higher lymphocyt
- L478 · _1.20 Paediatric Bloods and Imaging — How Interpretation Differs from Adults_ — - **Platelets, electrolytes, and other chemistry:** several reference ranges (e.g. alkaline phosphatase, which
- L480 · _1.20 Paediatric Bloods and Imaging — How Interpretation Differs from Adults_ — **Chest X-ray — normal paediatric findings that can be mistaken for pathology:**
- L481 · _1.20 Paediatric Bloods and Imaging — How Interpretation Differs from Adults_ — - **The thymus** is a normal, often prominent mediastinal structure in infants and young children, producing a
- L482 · _1.20 Paediatric Bloods and Imaging — How Interpretation Differs from Adults_ — - Cardiothoracic ratio and expected lung findings also differ somewhat from adult norms, and a degree of varia
- L484 · _1.20 Paediatric Bloods and Imaging — How Interpretation Differs from Adults_ — **Vital signs:** already covered under [[Examination]] Approach to Paediatric Examination above — heart rate, 
- L486 · _1.20 Paediatric Bloods and Imaging — How Interpretation Differs from Adults_ — **Practical principle for any paediatric result:** when a result looks abnormal, the first question should be 

## Corpus C/NEW_Acid-Base_Fluids_and_Electrolytes.md — 9 unmarked paediatric signals (population: mixed)
- L15 · _(no heading)_ — > [!danger] **Sourcing limitation applying to this whole file.** Primary Australian guideline domains (`rch.or
- L20 · _Dehydration_ — - **Increased losses, GI:** gastroenteritis (much the commonest in children), vomiting of any cause, high-outp
- L23 · _Dehydration_ — - **Reduced intake:** frail older person with poor oral intake or dependence on carers for fluids; dysphagia p
- L25 · _Dehydration_ — - **Focused Hx:** duration and volume of losses (number of vomits, stool frequency and character, stoma output
- L28 · _Dehydration_ — - **Volume signs:** mucous membranes, skin turgor (unreliable in older people, whose skin loses elasticity ind
- L30 · _Dehydration_ — - **Weigh the patient.** In children, **comparison against a recent pre-illness weight is the best single meas
- L35 · _Dehydration_ — > Sources genuinely disagree on the percentage-weight-loss cut-offs for mild/moderate/severe paediatric dehydr
- L40 · _Dehydration_ — - **First-line Ix:** in a well child with mild gastroenteritis and a clear history, **no blood tests are neede
- L49 · _Dehydration_ — > [!info] **Sodium is the trap.** Dehydration is not one electrolyte picture. **Hypernatraemic** dehydration (

## Corpus C/NEW_Dermatology.md — 12 unmarked paediatric signals (population: mixed)
- L23 · _Acute Rash_ — - **Infective:** viral exanthems (measles, rubella, parvovirus B19, enterovirus, EBV, HHV-6), scarlet fever, s
- L55 · _Maculopapular Rash_ — - **DDx:** **drug eruption** (morbilliform — the commonest cause in hospital, typically 7–14 days after a new 
- L56 · _Maculopapular Rash_ — - **Focused Hx:** **drug timeline with exact start dates**; fever pattern and whether the rash appeared before
- L57 · _Maculopapular Rash_ — - **Examination:** distribution and direction of spread; **palms and soles**; **mucosae — Koplik spots, strawb
- L58 · _Maculopapular Rash_ — - **First-line Ix:** **FBC with differential** (eosinophilia → DRESS; atypical lymphocytes → EBV/viral), **CRP
- L63 · _Blistering Rash_ — - **Infective:** **herpes simplex** (grouped vesicles on an erythematous base), **varicella/zoster** (dermatom
- L67 · _Blistering Rash_ — - **Examination:** **blister character — tense versus flaccid**; **Nikolsky's sign**; distribution including *
- L77 · _Non-Blanching Rash and Purpuric Rash_ — - **Thrombocytopenic:** **immune thrombocytopenia**, marrow failure or infiltration (**leukaemia — petechiae p
- L78 · _Non-Blanching Rash and Purpuric Rash_ — - **Non-thrombocytopenic, vascular/vasculitic:** **Henoch–Schönlein purpura/IgA vasculitis** (palpable purpura
- L79 · _Non-Blanching Rash and Purpuric Rash_ — - **Non-thrombocytopenic, mechanical or structural:** senile/actinic purpura, **corticosteroid-induced purpura
- L80 · _Non-Blanching Rash and Purpuric Rash_ — - **Focused Hx:** **fever and how unwell** — the first branch point; speed of onset and progression; **headach
- L81 · _Non-Blanching Rash and Purpuric Rash_ — - **Examination:** **vital signs and conscious state first**; **confirm non-blanching with a glass slide**; di

## Corpus C/NEW_Drugs_01_Allergy_and_Anaphylaxis.md — 9 unmarked paediatric signals (population: mixed)
- L37 · _0.1.2 Sedating (First-Generation) H₁ Antagonists_ — - **Adverse effects:** **sedation and impaired psychomotor performance** — with **next-day hangover** effects 
- L38 · _0.1.2 Sedating (First-Generation) H₁ Antagonists_ — - **Contraindications:** **children — this is the safety point of the entry.** Sources are explicit: since **1
- L40 · _0.1.2 Sedating (First-Generation) H₁ Antagonists_ — - **Monitoring:** sedation, anticholinergic effects, falls risk in the elderly, and — in children — whether th
- L92 · _0.3 Other Drugs for Allergic Eye Conditions_ — - **Non-pharmacological measures matter here more than in most areas:** cool compresses, allergen avoidance, *
- L104 · _0.4.1 Mast Cell Stabilisers_ — - **Adverse effects:** minimal — transient stinging in the eye, local irritation in the nose, cough with the i
- L118 · _0.5 Sympathomimetics (Anaphylaxis) — Adrenaline_ — - **Indication:** **ANAPHYLAXIS — first-line, immediately, in every case.** Also cardiac arrest, severe bronch
- L127 · _0.5 Sympathomimetics (Anaphylaxis) — Adrenaline_ — >   - **THE INJECTOR BANDS START AT 7.5 kg AND NOTHING HERE COVERS AN INFANT BELOW IT.**
- L129 · _0.5 Sympathomimetics (Anaphylaxis) — Adrenaline_ — >     Below 7.5 kg, draw up the ampoule — do not round a child up into the 150 microgram
- L134 · _0.5 Sympathomimetics (Anaphylaxis) — Adrenaline_ — > **This is the correct paediatric form** — per-kg with an absolute cap, plus weight bands for the fixed-dose 

## Corpus C/NEW_Drugs_02_Anaesthetics.md — 8 unmarked paediatric signals (population: mixed)
- L42 · _0.1.2 Amides_ — - **Prilocaine** — a recognised cause of **methaemoglobinaemia** at higher doses, particularly in infants; a p
- L48 · _0.1.3 Esters_ — - **Clinical role:** now largely confined to **topical** use — ophthalmic drops, topical airway and mucosal an
- L91 · _0.2.1 Intravenous Induction Agents — GABA-A Modulators_ — - **PROPOFOL INFUSION SYNDROME** — rare but frequently fatal, seen with **prolonged high-dose infusion**, part
- L96 · _0.2.1 Intravenous Induction Agents — GABA-A Modulators_ — - **Adverse effects:** **respiratory depression, profoundly potentiated by concurrent opioids** — the combinat
- L104 · _0.2.2 Intravenous Anaesthetics — NMDA Antagonists (Ketamine)_ — - **Indications:** induction in shock and trauma; procedural sedation, particularly in **children**; analgesia
- L105 · _0.2.2 Intravenous Anaesthetics — NMDA Antagonists (Ketamine)_ — - **Adverse effects:** **emergence phenomena** — sources describe **vivid unpleasant dreams, excitement, confu
- L114 · _0.2.3 Inhalational Anaesthetics — Volatiles_ — - **Sevoflurane** — **non-pungent** and low solubility, hence fast onset and offset; **the agent used for gase
- L150 · _0.3.1 Depolarising Neuromuscular Blockers — Suxamethonium (Succinylcholine)_ — - Also: **bradycardia** (especially with repeat doses and in children — pretreatment with atropine is sometime

## Corpus C/NEW_Drugs_03_Analgesics.md — 2 unmarked paediatric signals (population: mixed)
- L55 · _0.1.2 Other Drugs for Gout_ — - **An adult threshold**, and probenecid is not a paediatric gout drug. Paediatric
- L204 · _0.4.4 Opioid Analgesics — Full µ-Agonists_ — - **Codeine and tramadol are prodrugs requiring CYP2D6.** **Ultra-rapid metabolisers** convert too much and ca

## Corpus C/NEW_Drugs_04_Antidotes_and_Antivenoms.md — 7 unmarked paediatric signals (population: mixed)
- L73 · _0.1.2 Chelating Agents_ — > Chelation lowers blood lead temporarily; if the child goes home to the same environment, the level rebounds 
- L103 · _0.2.1 Snake Antivenoms_ — - **Practical:** given **intravenously, diluted and infused** (not by intramuscular injection); the dose is **
- L121 · _0.3 Drugs That Chelate Iron_ — 1. **Acute iron poisoning** — usually a child who has swallowed adult iron tablets, or a deliberate overdose.
- L126 · _0.3 Drugs That Chelate Iron_ — - **Adverse effects:** hypotension with rapid infusion, injection site reactions, and on long-term use **ototo
- L127 · _0.3 Drugs That Chelate Iron_ — - **Monitoring on long-term therapy:** **audiometry and ophthalmological review**, growth in children.
- L138 · _0.3 Drugs That Chelate Iron_ — > - **The classic deceptive course:** early gastrointestinal phase (vomiting, diarrhoea, haematemesis) → an **
- L140 · _0.3 Drugs That Chelate Iron_ — > - **Iron tablets and supplements are a leading cause of paediatric poisoning deaths** — and, per **CLAUDE.md

## Corpus C/NEW_Drugs_05_Anti_infectives.md — 16 unmarked paediatric signals (population: mixed)
- L21 · _(no heading)_ — > Around 10% of patients carry a "penicillin allergy" label and the great majority are not truly allergic — th
- L72 · _0.2.3 Cephalosporins_ — - **Adverse effects:** hypersensitivity; **cross-reactivity with penicillin allergy is much lower than the tra
- L100 · _0.2.7 Glycopeptides_ — > CHILD OR A NEONATE.** Paediatric and especially neonatal vancomycin dosing and
- L102 · _0.2.7 Glycopeptides_ — > neonatal regimens are set by postmenstrual age and weight, not by an adult AUC target.
- L103 · _0.2.7 Glycopeptides_ — > `UNVERIFIED — paediatric and neonatal vancomycin targets; Therapeutic Guidelines
- L131 · _0.2.11 Macrolides_ — - **Spectrum and indications:** **atypical pneumonia — *Mycoplasma*, *Chlamydia*, *Legionella*** (the main rea
- L132 · _0.2.11 Macrolides_ — - **Adverse effects:** **GI upset** — erythromycin is a **motilin agonist** (which is why it is used deliberat
- L147 · _0.2.13 Tetracyclines_ — - **Contraindications:** **pregnancy and breastfeeding**, and **children under 8 years** — deposition in devel
- L161 · _0.2.14 Quinolones (Fluoroquinolones)_ — - **Contraindications/cautions:** children and adolescents (arthropathy in animal studies) except where the be
- L177 · _0.2.16 Nitrofurans_ — - **Pregnancy:** generally acceptable but **avoided near term and in the neonatal period** because of haemolys
- L212 · _0.2.19 Other Antibacterials_ — - **Chloramphenicol** — broad-spectrum; systemic use abandoned in Australia because of **idiosyncratic aplasti
- L267 · _0.3.3 Other Antifungals_ — - **Griseofulvin** — an older agent still used for **tinea capitis in children**; requires prolonged courses, 
- L276 · _0.4.1 Antimalarials_ — - **Doxycycline** — daily, cheap, also covers rickettsiae and leptospirosis (useful in the same travellers), b
- L344 · _0.6.1 Guanine Analogues_ — - **Indications:** **herpes simplex** (orolabial, genital, keratitis, **encephalitis**), **varicella-zoster** 
- L355 · _0.6.2 Neuraminidase Inhibitors_ — - **Adverse effects:** nausea and vomiting (oseltamivir, better with food); **bronchospasm with inhaled zanami
- L393 · _0.6.7 Other Antivirals_ — - **Palivizumab and nirsevimab** — monoclonal antibodies for **RSV prophylaxis** in high-risk infants.

## Corpus C/NEW_Drugs_06_Cardiovascular.md — 6 unmarked paediatric signals (population: mixed)
- L103 · _0.3.1 Antiplatelets — COX Inhibitors (Aspirin)_ — - **Adverse effects:** **GI bleeding and dyspepsia** (dose-related; consider a PPI in at-risk patients); **bro
- L149 · _0.5 Other Drugs Affecting Haemostasis_ — - **Vitamin K (phytomenadione)** — warfarin reversal, obstructive jaundice and malabsorption, and **routine pr
- L150 · _0.5 Other Drugs Affecting Haemostasis_ — - **Desmopressin (DDAVP)** — releases stored von Willebrand factor and factor VIII from endothelium; used in *
- L191 · _0.7.2 Non-Selective Beta-Blockers_ — - **Specific roles:** **propranolol** — thyrotoxicosis, tremor, migraine, portal hypertension, infantile haema
- L299 · _0.9.6 Other Drugs for Dyslipidaemia_ — - **Bile acid sequestrants (colestyramine, colesevelam)** — bind bile acids in the gut, forcing hepatic choles
- L382 · _0.11.4 Antidiuretic Hormone Agonists and Antagonists_ — - **Desmopressin (DDAVP)** — a **V2-selective** analogue: antidiuretic without vasoconstriction. Used in **cra

## Corpus C/NEW_Drugs_07_Blood_and_Electrolytes.md — 18 unmarked paediatric signals (population: mixed)
- L15 · _(no heading)_ — > [!danger] **Sourcing limitation applying to this whole file.** The **Australian Medicines Handbook and Thera
- L27 · _0.1 Blood Products_ — >   - **THIS IS AN ADULT TRANSFUSION TRIGGER. DO NOT APPLY IT TO A NEONATE OR INFANT.**
- L28 · _0.1 Blood Products_ — >     Neonatal and paediatric transfusion thresholds are set by postnatal age, respiratory
- L29 · _0.1 Blood Products_ — >     support and clinical state, and a neonatal threshold is not this number.
- L30 · _0.1 Blood Products_ — >     `UNVERIFIED — paediatric and neonatal transfusion thresholds, per the NBA Patient
- L31 · _0.1 Blood Products_ — >     Blood Management Guidelines (Module 6, Neonatal and Paediatrics).`
- L36 · _0.1 Blood Products_ — > - **Immunoglobulin** — replacement in primary and secondary immunodeficiency, and immunomodulation in ITP, G
- L80 · _0.2.1 Iron Supplements_ — > [!danger] **Iron overdose is a leading cause of paediatric poisoning death, and the danger is an adult quant
- L104 · _0.2.3 Colony Stimulating Factors_ — - **Indications:** **primary and secondary prophylaxis of febrile neutropenia** in chemotherapy regimens with 
- L166 · _0.3.4 Essential Minerals_ — - **Indications:** hypomagnesaemia; **eclampsia and severe pre-eclampsia** (the drug of choice for seizure pro
- L179 · _0.3.5 Other Drugs for Electrolyte Imbalance_ — - **Oral rehydration solution** — the WHO/reduced-osmolarity formulation. **Vastly under-used** and the correc
- L182 · _0.3.5 Other Drugs for Electrolyte Imbalance_ — > [!danger] **Paediatric fluid and electrolyte prescribing is per-kilogram, and hypotonic maintenance fluids h
- L189 · _0.4.1 Fat-Soluble Vitamins (A, D, E, K)_ — - **Deficiency:** night blindness, xerophthalmia and keratomalacia (a leading preventable cause of childhood b
- L198 · _0.4.1 Fat-Soluble Vitamins (A, D, E, K)_ — - **Vitamin K** — see [[NEW_Drugs_06_Cardiovascular]] 0.5. **Newborn vitamin K prophylaxis to prevent haemorrh
- L212 · _0.4.2 Water-Soluble Vitamins (B group and C)_ — > - **ADULT FIGURES.** Paediatric pyridoxine dosing is per kilogram, and the
- L213 · _0.4.2 Water-Soluble Vitamins (B group and C)_ — >   neurotoxicity thresholds above should not be read as a paediatric safe ceiling.
- L218 · _0.4.2 Water-Soluble Vitamins (B group and C)_ — - **Vitamin C (ascorbic acid)** — deficiency causes **scurvy**: perifollicular haemorrhage, corkscrew hairs, b
- L222 · _0.4.3 Essential Fatty Acids_ — - **Indications with reasonable evidence:** **severe hypertriglyceridaemia** (high-dose omega-3, particularly 

## Corpus C/NEW_Drugs_08_Dermatological.md — 18 unmarked paediatric signals (population: mixed)
- L35 · _0.1.1 Keratolytics_ — - **Cautions:** **salicylic acid over large areas or in children risks systemic salicylism**; avoid keratolyti
- L53 · _0.1.3 Systemic (Oral) Retinoids_ — > **Practical requirements:** exclude pregnancy before starting; **effective contraception from before treatme
- L76 · _0.2.1 Topical Corticosteroids_ — > Sources and the Australasian College of Dermatologists position are consistent: **topical corticosteroids ar
- L79 · _0.2.1 Topical Corticosteroids_ — > Sources define it as **the amount squeezed from the fingertip to the first crease ≈ 0.5 g, covering an area 
- L80 · _0.2.1 Topical Corticosteroids_ — > - **THE BODY-AREA FTU COUNTS ABOVE ARE ADULT COUNTS.** Paediatric FTU guides are given
- L81 · _0.2.1 Topical Corticosteroids_ — >   per age band, and a child's counts are not a scaled-down version of an adult's — the
- L82 · _0.2.1 Topical Corticosteroids_ — >   ratio of head to body surface area changes with age. Use a paediatric FTU chart.
- L83 · _0.2.1 Topical Corticosteroids_ — >   `UNVERIFIED — paediatric FTU counts by age band, per RCH.`
- L86 · _0.2.1 Topical Corticosteroids_ — - **Systemic absorption and HPA suppression** are possible with very potent steroids over large areas, under o
- L107 · _0.2.3 Topical PDE-4 Inhibitors_ — - **Role:** a **non-steroidal, non-calcineurin option** for mild-to-moderate atopic dermatitis, including on t
- L113 · _0.2.4 Other Drugs for Eczema_ — - **Antihistamines** — **sedating antihistamines may help sleep during a severe flare, but they do not treat e
- L115 · _0.2.4 Other Drugs for Eczema_ — - **Wet wrap dressings** — very effective for severe flares, particularly in children, usually under specialis
- L187 · _0.5 Scabicides and Pediculicides_ — - **Key agents:** **permethrin 5% cream** — sources describe it as the **first-choice topical treatment in Aus
- L190 · _0.5 Scabicides and Pediculicides_ — > - **Apply to the WHOLE body from the neck down**, including between fingers and toes, under nails, genitals,
- L201 · _0.5 Scabicides and Pediculicides_ — - **Adverse effects:** local irritation and burning (**benzyl benzoate stings considerably, especially in chil
- L209 · _0.6 Drugs for Warts_ — > [!info] **The counselling point that matters most: most cutaneous warts resolve spontaneously**, particularl
- L214 · _0.6 Drugs for Warts_ — > - **Anogenital warts in a CHILD require careful assessment for sexual abuse**, alongside the recognised rout
- L224 · _0.7 Other Dermatological Drugs_ — - **Drugs for alopecia** — **topical minoxidil**, **oral finasteride** (androgenetic alopecia in men; **terato

## Corpus C/NEW_Drugs_09_ENT.md — 7 unmarked paediatric signals (population: mixed)
- L29 · _0.1 Drugs for Ear Infections_ — > [!warning] **Acute otitis media: most children do not need an antibiotic.** Australian practice supports **a
- L62 · _0.3 Drugs for Mouth and Throat Conditions_ — - **Oral corticosteroids** — for severe pharyngitis or croup; **dexamethasone in croup is one of the highest-y
- L64 · _0.3 Drugs for Mouth and Throat Conditions_ — > [!danger] **Do not ignore the red flags in the mouth and throat:** a **persistent ulcer beyond about 3 weeks
- L79 · _0.4.1 Intranasal Corticosteroids_ — - **Other adverse effects:** nasal dryness, irritation, throat irritation. **Systemic effects are minimal at u
- L85 · _0.4.2 Other Drugs for Rhinitis and Sinusitis_ — - **Intranasal sodium cromoglicate** — mast cell stabiliser; preventive, needs frequent regular dosing, very s
- L114 · _0.6 Drugs for Other Nasal Conditions_ — - **Nasal polyposis:** intranasal and, in severe disease, oral corticosteroids; **biologics (dupilumab, omaliz
- L123 · _Build status_ — | 0.1 | Drugs for ear infections | SUB | yes | Carries the aminoglycoside-drops-and-perforation ototoxicity wa

## Corpus C/NEW_Drugs_10_Endocrine.md — 13 unmarked paediatric signals (population: mixed)
- L88 · _0.2.1 Biguanides (Metformin)_ — - **An adult threshold.** Paediatric renal impairment is staged against age-specific
- L89 · _0.2.1 Biguanides (Metformin)_ — normal ranges, and metformin decisions in children are made on those, not on this
- L190 · _0.3.1 Glucagon Receptor Agonists_ — - **Other agents:** **diazoxide** (inhibits insulin release — congenital hyperinsulinism and insulinoma); **oc
- L197 · _0.4.1 Thyroid Hormones_ — - **Indications:** **hypothyroidism** (primary, central and post-ablative), **congenital hypothyroidism** (det
- L236 · _0.5.1 Systemic Corticosteroids (Glucocorticoids)_ — - **Key agents:** **prednisolone** (the oral workhorse), **hydrocortisone** (short-acting, with mineralocortic
- L242 · _0.5.1 Systemic Corticosteroids (Glucocorticoids)_ — > - **AN ADULT DAILY-EQUIVALENT FIGURE.** Paediatric glucocorticoid exposure is judged
- L243 · _0.5.1 Systemic Corticosteroids (Glucocorticoids)_ — >   per body surface area, and this threshold does not transfer to a child.
- L247 · _0.5.1 Systemic Corticosteroids (Glucocorticoids)_ — >   - **THESE TWO FIGURES ARE ADULT DOSES. DO NOT USE THEM IN A CHILD.** Paediatric perioperative and stress g
- L250 · _0.5.1 Systemic Corticosteroids (Glucocorticoids)_ — > - **Adrenal suppression also occurs with INHALED, INTRANASAL, TOPICAL and INTRA-ARTICULAR steroids**, especi
- L256 · _0.5.2 Mineralocorticoids_ — - **Indications:** **primary adrenal insufficiency (Addison disease) — replacement alongside a glucocorticoid*
- L278 · _0.5.5 Growth Hormone_ — - **Indications:** **paediatric GH deficiency**; **Turner syndrome, Prader-Willi syndrome, chronic kidney dise
- L279 · _0.5.5 Growth Hormone_ — - **Adverse effects:** **fluid retention, arthralgia and myalgia, carpal tunnel syndrome**; **insulin resistan
- L281 · _0.5.5 Growth Hormone_ — - **Monitoring:** growth velocity and IGF-1 in children; IGF-1, glucose, lipids and body composition in adults

## Corpus C/NEW_Drugs_11_Eye.md — 7 unmarked paediatric signals (population: mixed)
- L43 · _0.2 Drugs for Eye Examinations and Procedures_ — - **Mydriatics and cycloplegics:** **tropicamide** (short-acting mydriatic, the standard for fundoscopy), **cy
- L55 · _0.2 Drugs for Eye Examinations and Procedures_ — > - **Systemic anticholinergic effects** — flushing, tachycardia, dry mouth and **delirium**, particularly wit
- L62 · _0.3 Drugs for Eye Infections_ — - **Chlamydial and gonococcal conjunctivitis:** require **systemic** treatment and STI management, not just dr
- L97 · _0.4.4 Other Drugs for Glaucoma_ — - **Alpha-2 agonists — brimonidine, apraclonidine.** Reduce aqueous production and increase uveoscleral outflo
- L116 · _0.5.1 VEGF Inhibitors_ — - **Other retinal drugs:** **intravitreal corticosteroid implants** (dexamethasone, fluocinolone) for macular 
- L126 · _Build status_ — | 0.2 | Drugs for eye examinations and procedures | SUB | yes | Mydriatics, cycloplegics, topical anaesthetics
- L132 · _Build status_ — | 0.4.4 | Other drugs for glaucoma | CLS | yes | Includes brimonidine's contraindication in infants and young 

## Corpus C/NEW_Drugs_12_Gastrointestinal.md — 6 unmarked paediatric signals (population: mixed)
- L112 · _0.4.1 Opioid Antidiarrhoeals_ — > Slowing transit prolongs exposure to toxin and organism and is associated with **toxic megacolon** and, in S
- L116 · _0.4.1 Opioid Antidiarrhoeals_ — > - **THESE ARE ADULT FIGURES. DO NOT USE THEM IN A CHILD.** Paediatric antimotility
- L117 · _0.4.1 Opioid Antidiarrhoeals_ — >   dosing is by body weight, and loperamide is **avoided altogether in young children**,
- L120 · _0.4.1 Opioid Antidiarrhoeals_ — - **Diphenoxylate with atropine** — the atropine is included deliberately to deter misuse; **overdose in child
- L127 · _0.4.2 Other Drugs for Diarrhoea_ — - **Treat the cause:** stop the offending drug (**antibiotics, metformin, colchicine, magnesium, PPIs, laxativ
- L136 · _0.5.1 Osmotic Laxatives_ — - **Role:** **macrogol is generally first-line** for chronic constipation and faecal impaction in adults and c

## Corpus C/NEW_Drugs_14_Immunomodulators_and_Antineoplastics.md — 1 unmarked paediatric signals (population: mixed)
- L175 · _0.5.5 Other Immunomodulating Drugs_ — - **Immunoglobulin (IVIg and subcutaneous)** — replacement in immunodeficiency and immunomodulation in **ITP, 

## Corpus C/NEW_Drugs_15_Neurological.md — 6 unmarked paediatric signals (population: mixed)
- L31 · _0.1.1 The Major Agents and Their Defining Features_ — - **Others:** **topiramate** (weight loss, paraesthesia, cognitive slowing, renal stones, **acute angle-closur
- L34 · _0.1.1 The Major Agents and Their Defining Features_ — > Valproate causes **major congenital malformations (including neural tube defects) in roughly 10% of exposed 
- L45 · _0.1.1 The Major Agents and Their Defining Features_ — > [!warning] **LEVETIRACETAM AND BEHAVIOUR.** Sources report **irritability, aggression, hostility, nervousnes
- L59 · _0.1.2 Benzodiazepines (Neurology)_ — - **Role:** **FIRST-LINE for terminating an acute seizure and for status epilepticus** — and for **community a
- L64 · _0.1.2 Benzodiazepines (Neurology)_ — - **Clobazam and clonazepam** as maintenance antiepileptics lose efficacy through **tolerance**, and cause sed
- L154 · _0.4 Drugs for Multiple Sclerosis_ — > [!danger] **Before and during any MS disease-modifying therapy: screen for latent TB, hepatitis B and C, HIV

## Corpus C/NEW_Drugs_16_Obstetric_and_Gynaecological.md — 21 unmarked paediatric signals (population: mixed)
- L39 · _0.1.2 Progestogens (Progestins)_ — - **Depot medroxyprogesterone specifically:** **reduces bone mineral density** (largely reversible; relevant i
- L44 · _0.1.3 Intrauterine Devices_ — - **Indications:** **long-acting reversible contraception (LARC) — the most effective reversible methods, and 
- L112 · _0.6 Drugs for Infertility_ — - **Also counsel about:** **multiple pregnancy** risk, **preconception folate and iodine**, rubella and varice
- L127 · _0.7.2 Other Drugs in Labour_ — - **Analgesia:** **nitrous oxide (Entonox)**, parenteral opioids (with the caveat of **neonatal respiratory de
- L129 · _0.7.2 Other Drugs in Labour_ — - **Magnesium sulfate** — for **fetal neuroprotection** in anticipated very preterm birth, and for eclampsia (
- L140 · _0.8 Drugs in Pre-eclampsia and Eclampsia_ — > It is given for **eclampsia** and for **severe pre-eclampsia to prevent seizures**, and separately for **fet
- L144 · _0.8 Drugs in Pre-eclampsia and Eclampsia_ — - **Corticosteroids** — for fetal lung maturation where preterm delivery is anticipated; and in HELLP syndrome
- L149 · _0.9 Drugs for Preterm Labour_ — ## 0.9 Drugs for Preterm Labour
- L151 · _0.9 Drugs for Preterm Labour_ — - **Tocolytics — to delay delivery for about 48 hours**, long enough for **antenatal corticosteroids** to act 
- L153 · _0.9 Drugs for Preterm Labour_ — - **Alongside tocolysis:** **antenatal corticosteroids**, **magnesium sulfate for fetal neuroprotection**, **g
- L155 · _0.9 Drugs for Preterm Labour_ — - **Prevention in at-risk women:** **vaginal progesterone** and **cervical cerclage** for a short cervix or pr
- L165 · _0.10.2 Anti-D (Rh D) Immunoglobulin_ — - **Purpose:** prevents **RhD alloimmunisation** in an RhD-negative woman carrying an RhD-positive fetus, and 
- L175 · _0.11 Drugs Affecting Lactation_ — - **Suppressing lactation:** **cabergoline** (a dopamine agonist — effective; used after stillbirth, neonatal 
- L180 · _0.11 Drugs Affecting Lactation_ — > Most drugs are compatible; the amount reaching the infant is usually very small. **Consult a specialised med
- L181 · _0.11 Drugs Affecting Lactation_ — > **Genuine concerns include:** **codeine and tramadol (CYP2D6 ultra-rapid metabolisers — neonatal respiratory
- L182 · _0.11 Drugs Affecting Lactation_ — > **Conversely, do not stop necessary maternal treatment** — untreated maternal epilepsy, depression, asthma o
- L187 · _0.12 Drugs for Vaginal Infections_ — - **Bacterial vaginosis:** **oral or vaginal metronidazole**, or **vaginal clindamycin**. **Not an STI**, but 
- L198 · _0.13.1 Androgens_ — - **Indications:** **confirmed male hypogonadism** (on repeated morning testosterone with gonadotrophins and a
- L199 · _0.13.1 Androgens_ — - **Adverse effects:** **polycythaemia (monitor haematocrit — a common reason for venesection or dose reductio
- L213 · _0.13.3 Gender-Affirming Hormone Care_ — - **Adolescents:** **GnRH analogues** to pause puberty, within a multidisciplinary specialist service. **Austr
- L246 · _Build status_ — | 0.9 | Drugs for preterm labour | SUB | yes | |

## Corpus C/NEW_Drugs_17_Psychotropic.md — 6 unmarked paediatric signals (population: mixed)
- L40 · _0.1.1 SSRIs_ — - **Pregnancy and breastfeeding:** generally usable, with **sertraline** commonly preferred; **paroxetine is u
- L132 · _0.3.2 Barbiturates_ — - **Role:** **obsolete for anxiety and insomnia.** Retained for **epilepsy** (especially neonatal seizures and
- L139 · _0.3.3 Other Drugs for Anxiety and Sleep Disorders_ — - **Melatonin** — modest benefit; prolonged-release melatonin is approved for insomnia in adults over 55, and 
- L171 · _0.5.1 Psychostimulants_ — - **Adverse effects:** **reduced appetite and weight loss** (monitor growth in children), **insomnia** (dose t
- L174 · _0.5.1 Psychostimulants_ — > [!warning] **Australian regulatory context: stimulants are Schedule 8 controlled drugs, and prescribing gene
- L205 · _0.7 Drugs for Nicotine Dependence_ — - **Nicotine vaping products** — in Australia, **regulated as therapeutic goods with a prescription-and-pharma

## Corpus C/NEW_Drugs_18_Respiratory.md — 14 unmarked paediatric signals (population: mixed)
- L22 · _0.1 Drugs for Asthma and Chronic Obstructive Pulmonary Disease_ — > Sources describe the **2025 Australian Asthma Handbook update** bringing Australian practice into line with 
- L30 · _0.1.1 Inhaled Corticosteroids_ — - **Adverse effects:** **oral candidiasis and dysphonia** (**rinse and spit after every dose, and use a spacer
- L59 · _0.1.5 Other Drugs for Asthma and COPD_ — - **Leukotriene receptor antagonists — montelukast.** Oral, useful with allergic rhinitis and in exercise-indu
- L66 · _0.1.5 Other Drugs for Asthma and COPD_ — > [!danger] **The asthma deaths that are preventable share a pattern:** over-reliance on SABA, no preventer or
- L76 · _0.2.1 Opioid Cough Suppressants_ — > **Codeine-containing cough preparations became prescription-only in Australia in February 2018** (see [[NEW_
- L86 · _0.2.3 Other Cough Considerations_ — - **There is no good evidence for over-the-counter cough mixtures**, and in **children under 6 they are not re
- L119 · _0.4 Drugs Used in Cystic Fibrosis_ — - **CFTR MODULATORS — the transformative development.** **Ivacaftor** (a potentiator) and the correctors **lum
- L123 · _0.4 Drugs Used in Cystic Fibrosis_ — - **Complications to anticipate:** **CF-related diabetes** (screened for annually), liver disease, **distal in
- L127 · _0.5 Pulmonary Surfactants_ — - **Key agents:** **poractant alfa, beractant, calfactant** — animal-derived surfactant preparations given **e
- L129 · _0.5 Pulmonary Surfactants_ — - **Indications:** **neonatal respiratory distress syndrome** in preterm infants — treatment, and prophylaxis 
- L130 · _0.5 Pulmonary Surfactants_ — - **Administration:** given by a trained neonatal team, either after intubation or by **less-invasive surfacta
- L132 · _0.5 Pulmonary Surfactants_ — - **Context:** **antenatal corticosteroids given to the mother remain the single most effective intervention**
- L137 · _0.6 Other Respiratory Drugs_ — - **Respiratory stimulants — doxapram** — very limited modern use; **caffeine citrate**, by contrast, is stand
- L140 · _0.6 Other Respiratory Drugs_ — - **Antivirals and vaccines** — influenza antivirals, COVID-19 antivirals, and the **vaccination schedule**, w

## Corpus C/NEW_Drugs_20_Vaccines.md — 12 unmarked paediatric signals (population: mixed)
- L21 · _0.1 Vaccines_ — - **What they are:** preparations that induce **active, durable, antigen-specific immunity**. **Live attenuate
- L22 · _0.1 Vaccines_ — - **Australian delivery:** the **National Immunisation Program (NIP)**, established in 1997, funds vaccines fo
- L30 · _0.1 Vaccines_ — > - **Asplenia and hyposplenism** require **pneumococcal, meningococcal, Hib and influenza vaccination plus an
- L32 · _0.1 Vaccines_ — > - **Pregnancy: inactivated vaccines are recommended (pertussis and influenza in particular, protecting the n
- L36 · _0.1 Vaccines_ — > **The following are NOT contraindications, and treating them as such causes missed vaccination:** a minor il
- L40 · _0.1 Vaccines_ — > **Adrenaline must be immediately available, staff must know the dose and route, and the patient is observed 
- L45 · _0.1 Vaccines_ — - **Administration technique matters:** correct route (**intramuscular for most; subcutaneous for MMR and vari
- L46 · _0.1 Vaccines_ — - **Pain and distress management in children** improves the whole family's future engagement: breastfeeding or
- L48 · _0.1 Vaccines_ — - **Vaccine hesitancy** is best addressed by **presuming vaccination ("your child is due for their vaccines to
- L56 · _0.2 Immunoglobulins_ — 2. **Immunomodulation** — at much higher doses in **ITP, Guillain-Barré syndrome, CIDP, myasthenic crisis, Kaw
- L57 · _0.2 Immunoglobulins_ — - **Specific (hyperimmune) immunoglobulins** — concentrated against a single organism, for **post-exposure pro
- L66 · _0.2.1 Intravenous Immunoglobulin_ — - **IVIg BLUNTS THE RESPONSE TO LIVE VACCINES — MMR and varicella must be deferred for a defined interval afte

## Corpus C/NEW_Drugs_21_Miscellaneous.md — 1 unmarked paediatric signals (population: mixed)
- L26 · _0.1 Specialised Drugs_ — - **Disease-modifying therapies for rare neuromuscular and genetic disease** — **nusinersen, risdiplam and ona

## Corpus C/NEW_ENT_and_Oral.md — 9 unmarked paediatric signals (population: mixed)
- L22 · _Acute Sore Throat_ — - **Emergencies that present as "sore throat" and must be excluded first:** **epiglottitis/supraglottitis** (r
- L23 · _Acute Sore Throat_ — - **Common infective causes:** viral pharyngitis (much the commonest), **group A streptococcal pharyngitis**, 
- L24 · _Acute Sore Throat_ — - **Non-infective:** gastro-oesophageal reflux, post-nasal drip, allergy, smoking and irritants, vocal overuse
- L26 · _Acute Sore Throat_ — - **Examination:** **assess the airway before the throat.** Look for stridor, drooling, tripoding, respiratory
- L27 · _Acute Sore Throat_ — - **First-line Ix:** **most acute sore throat needs no investigation.** Where indicated: **throat swab for cul
- L29 · _Acute Sore Throat_ — > [!danger] **The Australian equity point, which changes practice rather than being background.** Acute rheuma
- L36 · _Acute Ear Pain_ — - **Primary otological:** **acute otitis media** (commonest in children — pain, fever, bulging red tympanic me
- L38 · _Acute Ear Pain_ — - **Focused Hx:** unilateral or bilateral; onset and severity; **discharge — and whether the pain eased when i
- L49 · _Acute Epistaxis_ — - **Local causes:** digital trauma (much the commonest in children), nasal trauma or fracture, dry air and muc

## Corpus C/NEW_Exam_Manoeuvres_and_Procedures.md — 9 unmarked paediatric signals (population: mixed)
- L148 · _0.6 Finkelstein's Test_ — > - **De Quervain tenosynovitis is strongly associated with the postpartum period and with infant care** ("mot
- L186 · _0.8 FABER Test (Patrick's Test)_ — > - Anterior thigh or knee pain may reflect referred hip pain — remember hip pathology commonly presents as kn
- L192 · _0.8 FABER Test (Patrick's Test)_ — > - **A child or adolescent with hip pain, a limp, or referred knee pain** needs a specific differential — sep
- L218 · _0.9 Trendelenburg Test_ — > - **In a child, a positive Trendelenburg with a limp** raises developmental dysplasia of the hip, Perthes di
- L235 · _0.10 Adam's Test (Forward Bend Test)_ — > [!info] **Referral thresholds.** Sources describe **5° and 7° of angle of trunk rotation** as the criteria p
- L238 · _0.10 Adam's Test (Forward Bend Test)_ — > - **A painful scoliosis, a rapidly progressive curve, a LEFT thoracic curve, or any curve with neurological 
- L239 · _0.10 Adam's Test (Forward Bend Test)_ — > - **Curves progress fastest during the adolescent growth spurt**, so **skeletal maturity determines urgency*
- L241 · _0.10 Adam's Test (Forward Bend Test)_ — > - **Early referral preserves options.** Bracing works in the growing child with a moderate curve; once the c
- L327 · _0.14 Compression Test (Spurling's Test)_ — > Axial compression on a potentially unstable cervical spine is dangerous. **Contraindications include acute t

## Corpus C/NEW_Gastroenterology_and_Hepatology.md — 2 unmarked paediatric signals (population: mixed)
- L46 · _Acute Abdominal Pain_ — - **Imaging:** erect chest X-ray for free air where perforation is suspected; **CT abdomen and pelvis** is the
- L99 · _Topics skipped in this category_ — | **Chronic Diarrhoea** | `### Chronic diarrhoea` | `15_07_Paeds_-_Abdominal_Pain...` | Exact — **but the matc

## Corpus C/NEW_Gynaecology_and_Reproductive.md — 2 unmarked paediatric signals (population: mixed)
- L28 · _Acute Vaginal Bleeding_ — - **Focused Hx:** **last menstrual period, cycle pattern, and possibility of pregnancy — always**; **quantify 
- L53 · _Acute Pelvic Pain_ — - **Gynaecological:** **ovarian torsion** (sudden severe unilateral pain with nausea and vomiting, often with 

## Corpus C/NEW_Infectious_Diseases.md — 1 unmarked paediatric signals (population: mixed)
- L53 · _Fever in Immunocompromised Patient_ — > **Empirical broad-spectrum intravenous antibiotics must be given within 60 minutes of presentation.** Multip

## Corpus C/NEW_Investigations_Cardiology.md — 1 unmarked paediatric signals (population: mixed)
- L103 · _0.4 Non-Stress Test (NST / Cardiotocography — CTG)_ — > **Continuous CTG in low-risk labour increases operative delivery without improving neonatal outcome**, which

## Corpus C/NEW_Investigations_Endocrine.md — 16 unmarked paediatric signals (population: mixed)
- L37 · _0.1 Thyroid Panel (TSH, Free T4, Free T3, Thyroid Antibodies)_ — > **Antibodies:** **TPO antibodies** → autoimmune (Hashimoto) thyroiditis, and predict progression from subcli
- L81 · _0.3 Radioactive Iodine Uptake (RAIU) and Thyroid Scintigraphy_ — > **Pregnancy and breastfeeding are absolute contraindications** to radioiodine — pregnancy must be excluded b
- L91 · _0.4 Glucose / Diabetes Testing (Random and Fasting Glucose, HbA1c, Oral Glucose Tolerance Test)_ — > [!warning] **The 75 g load is the ADULT and pregnancy load. It is not the paediatric load.** In children the
- L93 · _0.4 Glucose / Diabetes Testing (Random and Fasting Glucose, HbA1c, Oral Glucose Tolerance Test)_ — **Ind:** Diagnosis and monitoring of diabetes; screening in at-risk groups; gestational diabetes screening; in
- L100 · _0.4 Glucose / Diabetes Testing (Random and Fasting Glucose, HbA1c, Oral Glucose Tolerance Test)_ — > [!danger] **HbA1c is unreliable — and must not be used for diagnosis — in a defined list of situations, and 
- L152 · _0.7 G6PD Assay (Glucose-6-Phosphate Dehydrogenase Screen)_ — **Ind:** Unexplained **haemolytic anaemia**, especially episodic and triggered; **neonatal jaundice**, particu
- L170 · _0.8 Carnitine Levels (Free and Total Carnitine)_ — **Ind:** Suspected **fatty acid oxidation disorder** or organic acidaemia — hypoketotic hypoglycaemia, unexpla
- L174 · _0.8 Carnitine Levels (Free and Total Carnitine)_ — > [!danger] **The critical point is sample timing, not the assay.** In suspected metabolic decompensation, **t
- L177 · _0.8 Carnitine Levels (Free and Total Carnitine)_ — > [!warning] **Per CLAUDE.md rule 5, no absolute quantities are stated in this entry.** Reference intervals fo
- L187 · _0.9 Plasma Amino Acid Screen_ — **Ind:** Suspected **inherited metabolic disease** — unexplained neonatal or infant encephalopathy, vomiting, 
- L189 · _0.9 Plasma Amino Acid Screen_ — **Role:** Part of the same metabolic panel as 0.8. Sources note that **for an at-risk sibling, urine organic a
- L191 · _0.9 Plasma Amino Acid Screen_ — > [!danger] **Hyperammonaemia in a neonate or infant is a metabolic emergency** — urea cycle disorders present
- L193 · _0.9 Plasma Amino Acid Screen_ — > [!warning] **Sample conditions change the answer.** Amino acids are ideally taken **fasting or before a feed
- L194 · _0.9 Plasma Amino Acid Screen_ — > **Per CLAUDE.md rule 5, no absolute quantities are given.** Amino acid reference intervals are strongly **ag
- L198 · _0.9 Plasma Amino Acid Screen_ — **Alt:** Newborn screening card (the Australian programme covers a defined panel); urine organic acids; ammoni
- L218 · _Build status of this file_ — **Omissions under the sourcing standard, each stated in place:** all thyroid reference intervals and the subcl

## Corpus C/NEW_Investigations_Gastroenterology.md — 13 unmarked paediatric signals (population: mixed)
- L15 · _(no heading)_ — > [!warning] **Several items in this category are mis-filed in the source list** — `CSF Studies`, `Coombs / Di
- L40 · _0.1 Liver Function Panel (ALT, AST, ALP, Bilirubin, GGT)_ — **Normal:** **Reference intervals are laboratory-specific and are deliberately not stated.** Note that ALP is 
- L57 · _0.2 Liver Auto-antibodies (AMA, SMA, ANA, anti-LKM)_ — > - **Anti-LKM1 (liver–kidney microsomal) ± anti-LC1** → **autoimmune hepatitis type 2**, characteristically *
- L74 · _0.3 Anti-LKM Antibody (Anti-Liver Kidney Microsomal Antibody)_ — **Ind:** Suspected autoimmune hepatitis, **especially in a child or adolescent**, and where ANA/SMA are negati
- L76 · _0.3 Anti-LKM Antibody (Anti-Liver Kidney Microsomal Antibody)_ — **Role:** Defines **type 2 autoimmune hepatitis**. Ordering it matters because a child with seronegative type 
- L142 · _0.6 Hepatitis Panel (Anti-HAV, HBsAg, anti-HBc, anti-HBs, HBeAg, anti-HCV, HCV RNA)_ — > **Hepatitis B status before immunosuppression, chemotherapy or rituximab** — reactivation can be fulminant a
- L381 · _0.29 Anorectal Manometry_ — **Safety/cost:** Uncomfortable but low-risk; specialist centres; requires patient cooperation, which limits it
- L417 · _0.31 Pale Stools_ — **Ind/Role:** Its value is as a **pointer to cholestasis** and, in an infant, as a red flag.
- L419 · _0.31 Pale Stools_ — > [!danger] **In a jaundiced infant, pale stools and dark urine mean conjugated hyperbilirubinaemia until prov
- L452 · _0.35 Rubella / Varicella Serology (Rubella IgG, Varicella IgG)_ — ## 0.35 Rubella / Varicella Serology (Rubella IgG, Varicella IgG)
- L467 · _0.36 Gastrografin (Water-Soluble Contrast Study) — **OUT OF SCOPE, built in error**_ — > hyperosmolar fluid-shift caution in neonates and the frail.
- L483 · _0.36 Gastrografin (Water-Soluble Contrast Study) — **OUT OF SCOPE, built in error**_ — > Being hyperosmolar it also draws fluid into the bowel lumen — **caution in dehydration, in neonates and in t
- L507 · _Build status of this file_ — **Mis-filed items built as listed, with the mis-filing noted in each:** CSF Studies (neurology) · Coombs/Direc

## Corpus C/NEW_Investigations_General_and_Preventive.md — 13 unmarked paediatric signals (population: mixed)
- L79 · _0.3 Alkaline Phosphatase (ALP)_ — > - **ALP raised + GGT normal** → **bone** (or placenta, or intestine) — think **Paget disease, osteomalacia, 
- L83 · _0.3 Alkaline Phosphatase (ALP)_ — > - **Children and adolescents** have a much higher ALP from bone growth — a value that would be markedly abno
- L153 · _0.6 Ammonia (Ammonium)_ — **Ind:** **Encephalopathy of unclear cause**, particularly where the history does not fit; suspected **inborn 
- L155 · _0.6 Ammonia (Ammonium)_ — **Role:** **Narrow and frequently misused.** In an adult with known cirrhosis, ammonia adds little; in a child
- L163 · _0.6 Ammonia (Ammonium)_ — > - **In a neonate or infant, a markedly raised ammonia with encephalopathy is a metabolic emergency** — urea 
- L167 · _0.6 Ammonia (Ammonium)_ — **Normal/abnormal:** Laboratory- and **age-specific** intervals (neonatal values are higher). **Numeric thresh
- L185 · _0.7 Serum Ceruloplasmin_ — > **Low ceruloplasmin** + **raised 24-hour urinary copper** (sources give normal as roughly ≤30 µg/day and Wil
- L195 · _0.7 Serum Ceruloplasmin_ — **Alt:** **24-hour urinary copper** (with and without penicillamine challenge in children); **slit-lamp examin
- L312 · _0.12 Health Screening (Australian Population Screening Programs)_ — > - **Newborn:** bloodspot screening and universal newborn hearing screening. See [[15_24b_Paeds_-_Screening__
- L356 · _0.14 Genetic Risk Assessment_ — **Ind:** A family history of **cancer** suggesting a predisposition syndrome (multiple affected relatives on o
- L380 · _0.15 Genetics and Molecular Testing_ — **D:** A spectrum of laboratory tests, not one test. **Karyotype** (whole-chromosome, detects aneuploidy and l
- L382 · _0.15 Genetics and Molecular Testing_ — **Ind:** Diagnosis of a suspected genetic condition; developmental delay, intellectual disability, dysmorphism
- L395 · _0.15 Genetics and Molecular Testing_ — > - **Turnaround time varies from days (FISH, QF-PCR) to months (exome/genome)** and must be matched to the cl

## Corpus C/NEW_Investigations_Haematology.md — 5 unmarked paediatric signals (population: mixed)
- L82 · _Haptoglobin_ — - **The traps:** haptoglobin is an **acute-phase reactant, so it rises with inflammation, infection and malign
- L88 · _Immunohematology (Blood Group & Rh, Type & Screen, Direct Antiglobulin Test)_ — - **Indication:** before any possible transfusion; in antenatal care; in suspected haemolytic disease of the n
- L92 · _Immunohematology (Blood Group & Rh, Type & Screen, Direct Antiglobulin Test)_ — - **Direct antiglobulin test (DAT / direct Coombs)** detects antibody or complement **already bound to the pat
- L98 · _Hb Electrophoresis (Haemoglobin Electrophoresis / HPLC)_ — - **Indication:** microcytic anaemia **not explained by iron deficiency**, or microcytosis with a normal or hi
- L103 · _Hb Electrophoresis (Haemoglobin Electrophoresis / HPLC)_ — - **What changes management:** identifying **trait** changes nothing for the patient's own health but changes 

## Corpus C/NEW_Investigations_Haematology_Part2.md — 7 unmarked paediatric signals (population: mixed)
- L59 · _0.12 Factor VIII Assay_ — > - **Haemophilia A is X-linked recessive** — but **carrier females can have low levels and can bleed**, parti
- L87 · _0.13 von Willebrand Factor Antigen and Ristocetin Cofactor Activity_ — > - **Menorrhagia in an adolescent that has been heavy since menarche warrants a bleeding disorder work-up**, 
- L102 · _0.14 ADAMTS13 Activity_ — > [!info] **Interpretation.** Sources are consistent: **immune-mediated TTP presents with ADAMTS13 activity <1
- L279 · _0.22 Sickle Cell Prep (Sickle Solubility Test)_ — > - **FALSE NEGATIVE in infants under about 6 months**, because **fetal haemoglobin still predominates** and H
- L291 · _0.22 Sickle Cell Prep (Sickle Solubility Test)_ — **Alt:** **Haemoglobin electrophoresis or HPLC — the definitive test** (built as 0.9 of [[NEW_Investigations_H
- L350 · _0.25 Petechiae — **UNRESOLVED: not an investigation**_ — > 1. **MENINGOCOCCAL SEPSIS** — a non-blanching rash with fever in a child or adult is meningococcaemia until 
- L353 · _0.25 Petechiae — **UNRESOLVED: not an investigation**_ — > **Other causes:** immune thrombocytopenia, DIC, drug-induced thrombocytopenia (including **heparin — see 0.1

## Corpus C/NEW_Investigations_Infectious_Diseases.md — 16 unmarked paediatric signals (population: mixed)
- L172 · _0.9 Stool & Fecal Studies (Culture, Multiplex PCR, Ova/Cysts/Parasites, Faecal Calprotectin, FOBT/FIT)_ — **Ind:** Sources are explicit that **most infectious diarrhoea is mild, self-limiting and needs no microbiolog
- L174 · _0.9 Stool & Fecal Studies (Culture, Multiplex PCR, Ova/Cysts/Parasites, Faecal Calprotectin, FOBT/FIT)_ — **Role:** **Multiplex PCR has largely replaced culture** for pathogen detection on speed and sensitivity, and 
- L192 · _0.10 Cryptosporidium_ — **Ind:** Watery diarrhoea that is prolonged or severe, especially with **recreational water or swimming pool e
- L211 · _0.11 Giardia lamblia_ — **Ind:** Prolonged diarrhoea with **bloating, flatulence, foul-smelling greasy stools, weight loss** and no fe
- L283 · _0.14 Syphilis Panel (Treponemal EIA/CMIA, RPR, VDRL, TPPA/FTA-ABS)_ — > **Syphilis in pregnancy** — congenital syphilis is preventable and devastating; treatment is time-critical. 
- L299 · _0.15 Monospot (Heterophile Antibody Test)_ — > [!warning] **False negatives are common and predictable.** Sources give a consistent pattern: negative in ar
- L316 · _0.16 Parvovirus Serology (Parvovirus B19 IgM and IgG)_ — **Ind:** Rash illness in a child or adult; **acute symmetrical arthropathy**, especially in adult women; **exp
- L353 · _0.17 ASOT (Anti-Streptolysin O Titre) and Anti-DNase B_ — **Normal:** **Numeric cut-offs are deliberately omitted** — they are laboratory- and age-dependent (titres are
- L363 · _0.18 Coeliac Serology (Anti-tTG IgA, Deamidated Gliadin Peptide IgA/IgG)_ — **Ind:** Chronic diarrhoea or malabsorption; **iron deficiency anaemia**, especially unexplained or refractory
- L375 · _0.18 Coeliac Serology (Anti-tTG IgA, Deamidated Gliadin Peptide IgA/IgG)_ — **Abnormal:** Positive serology → **gastroenterology referral for duodenal biopsy** while still on gluten. **A
- L391 · _0.19 Autoimmune / Rheumatological Serology (ANA, Anti-La/SSB, Anti-Scl-70, Anti-histone, Myositis Antibodies)_ — > - **Anti-Ro/SSA, anti-La/SSB** — Sjögren syndrome; **anti-Ro also matters in pregnancy** because of the risk
- L452 · _0.22 Campylobacter (Stool Culture / Multiplex PCR)_ — **Ind:** Acute diarrhoea, particularly **bloody or febrile diarrhoea**, or diarrhoea that is severe, prolonged
- L462 · _0.22 Campylobacter (Stool Culture / Multiplex PCR)_ — > - **Notify, and ask about the exposure**: undercooked poultry, unpasteurised milk, untreated water, and cont
- L492 · _0.24 Rubella / Varicella Serology (Rubella IgG, Varicella IgG)_ — ## 0.24 Rubella / Varicella Serology (Rubella IgG, Varicella IgG)
- L496 · _0.24 Rubella / Varicella Serology (Rubella IgG, Varicella IgG)_ — **D:** IgG serology establishing **immunity** (not acute infection) to rubella and varicella-zoster virus.
- L503 · _0.24 Rubella / Varicella Serology (Rubella IgG, Varicella IgG)_ — > **A non-immune pregnant woman exposed to varicella** — VZV immunoglobulin is time-critical and maternal vari

## Corpus C/NEW_Investigations_Obstetrics_and_Gynaecology.md — 24 unmarked paediatric signals (population: mixed)
- L128 · _0.5 Prenatal Screening Panel_ — **Role:** Estimates risk for **trisomy 21, 18 and 13** (and, on NIPT, sex chromosome aneuploidies and some mic
- L131 · _0.5 Prenatal Screening Panel_ — > - **cFTS** detects roughly **90% of trisomy 21** at a false-positive rate of about **3–5%**.
- L132 · _0.5 Prenatal Screening Panel_ — > - **NIPT** has a substantially higher detection rate and much lower false-positive rate for trisomy 21.
- L133 · _0.5 Prenatal Screening Panel_ — > - **But cFTS includes an ultrasound**, and the nuchal translucency and the 11–13 week scan detect **structur
- L139 · _0.5 Prenatal Screening Panel_ — > - **A "no-call" / failed NIPT is not a normal result** — it is associated with low fetal fraction, higher ma
- L156 · _0.6 Chorionic Villus Sampling (CVS)_ — > [!warning] **Performed from 11 weeks — and the gestational limit is not arbitrary.** Sources are consistent 
- L159 · _0.6 Chorionic Villus Sampling (CVS)_ — > CVS samples **placenta, not fetus**. Mosaicism is found in roughly **1–2%** of CVS samples (compared with ab
- L175 · _0.7 Amniocentesis_ — **Ind:** Diagnostic confirmation after a high-risk screening result or an abnormal CVS; abnormal ultrasound fi
- L196 · _0.8 Cordocentesis (Percutaneous Umbilical Blood Sampling, PUBS)_ — **Ind:** **Suspected fetal anaemia — the principal indication** (red cell alloimmunisation, parvovirus B19 inf
- L205 · _0.8 Cordocentesis (Percutaneous Umbilical Blood Sampling, PUBS)_ — > - Other complications: **cord haematoma, fetal bradycardia, bleeding from the puncture site, chorioamnioniti
- L206 · _0.8 Cordocentesis (Percutaneous Umbilical Blood Sampling, PUBS)_ — > - **Rh alloimmunisation is preventable.** The reason a fetus needs this procedure is often a missed anti-D d
- L208 · _0.8 Cordocentesis (Percutaneous Umbilical Blood Sampling, PUBS)_ — **Normal/abnormal:** Fetal haemoglobin, haematocrit, platelet count, blood group and direct antiglobulin test,
- L239 · _0.10 Ferning Test and Nitrazine Test (Confirming Rupture of Membranes)_ — **Ind:** Suspected **prelabour rupture of membranes (PROM)** or **preterm PROM (PPROM)** — a history of a gush
- L253 · _0.10 Ferning Test and Nitrazine Test (Confirming Rupture of Membranes)_ — > - **Confirm gestation and fetal wellbeing**, and check the **group B streptococcus** status. PPROM managemen
- L266 · _0.11 Fetal Fibronectin (fFN)_ — **Ind:** **Symptomatic threatened preterm labour between roughly 22–24 and 34 weeks** — contractions with an i
- L268 · _0.11 Fetal Fibronectin (fFN)_ — **Role:** **A rule-out test.** Its value is its **negative predictive value**, which sources report as very hi
- L277 · _0.11 Fetal Fibronectin (fFN)_ — > - **A negative fFN does not override a woman who is in labour.** If the cervix is changing, she is in preter
- L278 · _0.11 Fetal Fibronectin (fFN)_ — > - **Do not delay corticosteroids in genuine preterm labour to wait for the result** — the fetal benefit of a
- L280 · _0.11 Fetal Fibronectin (fFN)_ — > - **In-utero transfer to a centre with appropriate neonatal facilities is safer than transferring a preterm 
- L296 · _0.12 Biophysical Profile (BPP)_ — > **Score 8–10 = reassuring · 6 = equivocal, repeat or deliver depending on gestation · ≤4 = strongly suggests
- L301 · _0.12 Biophysical Profile (BPP)_ — > [!warning] **Interpretation depends on gestation and on maternal state**
- L302 · _0.12 Biophysical Profile (BPP)_ — > - **Prematurity** reduces the score legitimately — breathing movements and reactivity are less developed. A 
- L310 · _0.12 Biophysical Profile (BPP)_ — > - See [[16_08-09_Antenatal_and_Perinatal_Problems]].
- L312 · _0.12 Biophysical Profile (BPP)_ — **Normal/abnormal:** As the score bands above, always read together with gestation, the individual component l

## Corpus C/NEW_Investigations_Orthopaedics_Neurology_and_Other.md — 24 unmarked paediatric signals (population: mixed)
- L15 · _(no heading)_ — > [!note] **This is the catch-all Part A file.** It carries the remaining investigation categories — Acid-Base
- L111 · _0.4 Bone Densitometry (DEXA)_ — > - **Z-score** compares the patient with **age- and sex-matched** peers, and is the score to use in **premeno
- L142 · _0.5 Bone Scan (Technetium-99m Skeletal Scintigraphy)_ — > - **Photopenic ("cold") lesions** occur in aggressive disease with no reparative response and in early acute
- L160 · _0.6 Pelvic X-Ray_ — **Ind:** **Major trauma** — part of the primary survey imaging in a haemodynamically unstable patient; hip pai
- L171 · _0.6 Pelvic X-Ray_ — > The pelvis is a **ring**: a single displaced fracture is uncommon, so **find the second injury** — including
- L174 · _0.6 Pelvic X-Ray_ — > - **Knee pain in a child or adolescent can be hip pathology** — SUFE and Perthes both present this way, and 
- L175 · _0.6 Pelvic X-Ray_ — > - **Gonadal radiation dose** is not trivial, particularly in children and in women of reproductive age — jus
- L181 · _0.6 Pelvic X-Ray_ — **Alt:** **CT pelvis** — definitive for bony injury, and CT angiography for active arterial bleeding; **MRI** 
- L187 · _0.7 C-Spine X-Ray (Cervical Spine Radiographs)_ — **Ind:** Blunt neck trauma where imaging is indicated by a validated decision rule; suspected atlantoaxial ins
- L198 · _0.7 C-Spine X-Ray (Cervical Spine Radiographs)_ — > **SCIWORA** (spinal cord injury without radiographic abnormality) is described particularly in **children**,
- L201 · _0.7 C-Spine X-Ray (Cervical Spine Radiographs)_ — > The **four contour lines** — anterior vertebral, posterior vertebral, spinolaminar and the spinous process t
- L204 · _0.7 C-Spine X-Ray (Cervical Spine Radiographs)_ — > - **In children**, **pseudosubluxation** of C2 on C3 is a normal variant that is regularly misread as injury
- L205 · _0.7 C-Spine X-Ray (Cervical Spine Radiographs)_ — > - **Rheumatoid arthritis and Down syndrome** carry a risk of **atlantoaxial instability**, which is relevant
- L420 · _0.15 Wet Mount (Saline Microscopy)_ — > - **Bacterial vaginosis in pregnancy** is associated with preterm birth and is managed differently.
- L452 · _0.17 Newborn Bloodspot Screening_ — ## 0.17 Newborn Bloodspot Screening
- L456 · _0.17 Newborn Bloodspot Screening_ — **Ind:** **Offered to every baby born in Australia.** Sources agree the sample is best taken at **48–72 hours 
- L461 · _0.17 Newborn Bloodspot Screening_ — > Sources describe Australian programs covering **at least 25 conditions**, including **phenylketonuria, conge
- L468 · _0.17 Newborn Bloodspot Screening_ — > - **Screening does not test for everything.** A normal result **does not exclude** a metabolic or genetic co
- L470 · _0.17 Newborn Bloodspot Screening_ — > - Newborn screening is broader than the bloodspot: **universal newborn hearing screening**, examination of t
- L474 · _0.17 Newborn Bloodspot Screening_ — **Alt:** Confirmatory diagnostic testing specific to the condition (plasma amino acids, urine organic acids, a
- L482 · _0.18 STI Screening (Asymptomatic Sexual Health Check)_ — **Role:** Finds **asymptomatic** infection — which is the majority of chlamydia and a large share of gonorrhoe
- L499 · _0.18 STI Screening (Asymptomatic Sexual Health Check)_ — > - **Consider sexual coercion, assault and child protection** where the history raises them; forensic require
- L575 · _0.21 CSF Studies (CSF Analysis, β-transferrin)_ — **Normal/abnormal:** Bacterial meningitis classically shows **high neutrophils, high protein, low CSF:serum gl
- L601 · _Build status_ — | 0.17 | Newborn Screening | yes | Condition list **not enumerated** — differs by state and territory and is b

## Corpus C/NEW_Investigations_Renal_and_Urology.md — 3 unmarked paediatric signals (population: mixed)
- L149 · _0.8 Urodynamic Studies (UDS)_ — **Ind:** Sources list: **incongruity between symptoms and clinical findings**; **neurogenic bladder** and neur
- L206 · _0.11 24-hour Urine Copper_ — > [!info] **The figures sources give** — serum caeruloplasmin **below about 0.2 g/L**, with 24-hour urinary co
- L258 · _Build status of this file_ — **Sourcing note:** the Wilson disease figures (caeruloplasmin <0.2 g/L; urinary copper >40 µg/day children, >1

## Corpus C/NEW_Investigations_Respiratory.md — 15 unmarked paediatric signals (population: mixed)
- L19 · _0.1 Nasopharyngeal Swab (Respiratory Virus / Atypical PCR)_ — **D:** A flocked swab passed along the **floor of the nose, parallel to the palate**, to the posterior nasopha
- L21 · _0.1 Nasopharyngeal Swab (Respiratory Virus / Atypical PCR)_ — **Ind:** Suspected influenza, COVID-19, RSV or other respiratory viral infection where the result changes mana
- L32 · _0.1 Nasopharyngeal Swab (Respiratory Virus / Atypical PCR)_ — > - **Suspected pertussis:** PCR is most useful in the **first 2–3 weeks of cough**; later in the illness the 
- L36 · _0.1 Nasopharyngeal Swab (Respiratory Virus / Atypical PCR)_ — **Alt:** Sputum or lower-respiratory specimen where there is productive cough or the patient is intubated (a *
- L47 · _0.2 Pulmonary Function Tests (Spirometry, Lung Volumes, DLCO)_ — > - **Obstructive:** **FEV₁/FVC ratio reduced.** FEV₁ falls more than FVC. Asthma, COPD, bronchiectasis, bronc
- L54 · _0.2 Pulmonary Function Tests (Spirometry, Lung Volumes, DLCO)_ — > **Both criteria above are ADULT criteria, and the absolute ≥200 mL component is the part that does not trans
- L138 · _0.6 Sweat Chloride Test_ — **Ind:** **A positive newborn screening result** (raised immunoreactive trypsinogen, with or without CFTR vari
- L140 · _0.6 Sweat Chloride Test_ — **Role:** **The diagnostic standard for cystic fibrosis**, and the confirmatory test after newborn screening —
- L150 · _0.6 Sweat Chloride Test_ — > - **Inadequate sweat volume is the commonest technical failure**, especially in small or oedematous neonates
- L155 · _0.6 Sweat Chloride Test_ — **Normal/abnormal:** As the three bands above. **Diagnosis requires a compatible clinical picture or positive 
- L157 · _0.6 Sweat Chloride Test_ — **Alt:** **Newborn bloodspot screening** (immunoreactive trypsinogen with reflex CFTR variant panel — the Aust
- L163 · _0.7 Tuberculosis Screening (Tuberculin Skin Test / Mantoux, and IGRA)_ — **Ind:** **Screening for latent TB infection** — contacts of an infectious case; migrants from high-incidence 
- L168 · _0.7 Tuberculosis Screening (Tuberculin Skin Test / Mantoux, and IGRA)_ — > - **IGRA uses TB-specific antigens (ESAT-6 and CFP-10) that are absent from BCG** and from most non-tubercul
- L170 · _0.7 Tuberculosis Screening (Tuberculin Skin Test / Mantoux, and IGRA)_ — > - **Despite this, the Australian Immunisation Handbook still specifies the TST as the preferred test before 
- L176 · _0.7 Tuberculosis Screening (Tuberculin Skin Test / Mantoux, and IGRA)_ — > - **Both tests can be falsely negative in exactly the patients who most need them** — advanced HIV, other se

## Corpus C/NEW_Investigations_Rheumatology.md — 2 unmarked paediatric signals (population: mixed)
- L31 · _0.1 Autoimmune / ANA Panel (ANA, Anti-dsDNA, Anti-Sm, Anti-RNP, Anti-Ro/SSA)_ — > - **Anti-Ro/SSA and anti-La/SSB** — Sjögren syndrome, subacute cutaneous lupus. **Anti-Ro carries a specific
- L227 · _0.11 Allergy Skin Testing (Skin Prick Test — SPT)_ — > [!warning] **A positive result is not a diagnosis.** Sensitisation is common in people with no clinical reac

## Corpus C/NEW_Neurology.md — 2 unmarked paediatric signals (population: mixed)
- L120 · _Acute Facial Weakness_ — - **Examination:** **test the forehead first and explicitly** — ask the patient to raise their eyebrows and to
- L190 · _Topics skipped in this category_ — | **Febrile Seizure** | `### Febrile seizures/convulsions` | (paediatric file) | Partial |

## Corpus C/NEW_Obstetrics.md — 4 unmarked paediatric signals (population: mixed)
- L21 · _First-Trimester Pain_ — - **D:** abdominal or pelvic pain in a woman up to about 13 weeks' gestation. **The presentation exists to ide
- L31 · _First-Trimester Pain_ — - **Non-gynaecological — and pregnancy does not protect against any of them:** **appendicitis** (the commonest
- L32 · _First-Trimester Pain_ — - **Focused Hx:** **last menstrual period and gestational age by dates**; **whether this pregnancy has been co
- L41 · _First-Trimester Pain_ — - **Transvaginal ultrasound** — the definitive investigation for locating the pregnancy, and more sensitive th

## Corpus C/NEW_Renal_and_Urology.md — 6 unmarked paediatric signals (population: mixed)
- L23 · _Acute Scrotal Pain_ — - **Testicular torsion** — twisting of the spermatic cord causing ischaemia. **Peak incidence is bimodal: the 
- L24 · _Acute Scrotal Pain_ — - **Torsion of a testicular appendage (hydatid of Morgagni)** — commoner in pre-pubertal boys, usually less se
- L29 · _Acute Scrotal Pain_ — - **Other:** testicular tumour with haemorrhage, varicocele, hydrocele, epididymal cyst, referred pain from **
- L30 · _Acute Scrotal Pain_ — - **Focused Hx:** **time of onset, to the hour** — this determines salvage and must be documented; speed of on
- L37 · _Acute Scrotal Pain_ — - **Vital signs**, and in a child, a full examination including for a purpuric rash.
- L56 · _Acute Urinary Retention_ — - **Infective and inflammatory:** urinary tract infection and prostatitis, **herpes zoster or herpes simplex a

## Corpus C/NEW_Respiratory.md — 14 unmarked paediatric signals (population: mixed)
- L28 · _Acute Dyspnoea_ — - **Focused Hx:** speed of onset (**instantaneous → pneumothorax, PE; over hours → asthma, pulmonary oedema, p
- L54 · _Acute Cough_ — - **Serious causes not to miss:** **pneumonia**, **pulmonary embolism** (cough and pleuritic pain may be the o
- L55 · _Acute Cough_ — - **Common:** upper respiratory tract infection, acute bronchitis, **COPD or asthma exacerbation**, post-nasal
- L56 · _Acute Cough_ — - **Non-respiratory:** **gastro-oesophageal reflux**, **ACE inhibitor cough** (may begin weeks to months after
- L57 · _Acute Cough_ — - **Focused Hx:** duration (**and whether this is genuinely acute — beyond about 8 weeks it becomes chronic co
- L58 · _Acute Cough_ — - **Examination:** **vital signs including respiratory rate, SpO₂ and temperature**; work of breathing and abi
- L59 · _Acute Cough_ — - **First-line Ix:** **most acute cough with a clear viral cause and normal observations needs no investigatio
- L68 · _Acute Stridor_ — - **Children:** **croup (laryngotracheobronchitis)** — barking cough, coryzal prodrome, worse at night, the co
- L72 · _Acute Stridor_ — - **Do not distress the patient — particularly a child.** **Do not examine the throat with a tongue depressor,
- L78 · _Acute Stridor_ — - **First-line Ix:** **stridor is a clinical diagnosis and the immediate priority is the airway, not investiga
- L80 · _Acute Stridor_ — > [!danger] **The single most important principle: in suspected epiglottitis or severe upper airway obstructio
- L81 · _Acute Stridor_ — > **Drug doses are deliberately omitted throughout** — corticosteroid and nebulised adrenaline regimens for cr
- L97 · _Topics skipped in this category_ — | **Stridor** | **T1** | `## Stridor — overview` **and** `## Stridor — differential diagnosis` | `13_05b_ENT_-
- L103 · _Topics skipped in this category_ — > [!warning] **`Stridor` is a Tier 1 topic that was skipped, so flag it for your review specifically.** It mat

## Corpus C/NEW_Rheumatology_and_Immunology.md — 1 unmarked paediatric signals (population: mixed)
- L46 · _Acute Joint Trauma_ — - **Focused Hx:** **exact mechanism, including direction of force and position of the limb**; whether the pati

## Corpus C/NEW_Safeguarding_and_Forensic.md — 22 unmarked paediatric signals (population: mixed)
- L17 · _(no heading)_ — > [!danger] **The legal framework in this file is jurisdiction-dependent, and that is itself the most importan
- L18 · _(no heading)_ — > **This file therefore does not state a single reporting rule, threshold or age cut-off**, because there is n
- L24 · _Neglect Concern_ — - **D:** persistent failure to meet a child's basic physical, emotional, medical, educational or supervisory n
- L26 · _Neglect Concern_ — - **Physical:** faltering growth without organic cause; poor hygiene, untreated nappy rash, dental decay; inad
- L28 · _Neglect Concern_ — - **Supervisory:** injuries or ingestions inconsistent with the child's developmental stage or the level of su
- L30 · _Neglect Concern_ — - **Focused Hx:** **a careful, non-accusatory account of the child's daily life** — who cares for them, feedin
- L31 · _Neglect Concern_ — - **Examination:** **full examination with the child undressed, in a manner appropriate to their age and with 
- L36 · _Emotional Abuse Concern_ — - **D:** a persistent pattern of parental or caregiver behaviour that damages a child's emotional development 
- L37 · _Emotional Abuse Concern_ — - **What raises the concern:** a child who is **fearful, withdrawn, watchful, or excessively compliant**; **ag
- L38 · _Emotional Abuse Concern_ — - **Focused Hx:** the child's functioning across settings — home, school, peers; the **carer's description of 
- L39 · _Emotional Abuse Concern_ — - **Examination:** **general physical examination to identify coexisting physical abuse or neglect**, growth a
- L40 · _Emotional Abuse Concern_ — - **First-line Ix:** there is **no test for emotional abuse.** Investigations are directed at excluding organi
- L44 · _Fabricated Illness Concern_ — - **D:** a caregiver fabricating, exaggerating or inducing illness in a child — variously described as **facti
- L46 · _Fabricated Illness Concern_ — - **Symptoms and signs that only ever occur in the caregiver's presence** and resolve when the child is separa
- L48 · _Fabricated Illness Concern_ — - **Repeated presentations across multiple hospitals and specialists**, with escalating investigation and inte
- L50 · _Fabricated Illness Concern_ — - **The child's own presentation** — accepting of invasive procedures, or presenting differently when the care
- L51 · _Fabricated Illness Concern_ — - **Focused Hx:** **obtain the full record from every service involved** — the pattern across records is the e
- L53 · _Fabricated Illness Concern_ — - **First-line Ix:** investigations are directed both at genuinely excluding organic disease — **which must be
- L54 · _Fabricated Illness Concern_ — - **The process, which is the intern-level content:** **do not confront the caregiver, and do not act alone.**
- L58 · _Safe Sleep Concern_ — - **D:** a concern that an infant's sleeping arrangements carry avoidable risk of **sudden unexpected death in
- L66 · _Safe Sleep Concern_ — - **Higher-risk situations to identify specifically:** sleeping on a sofa or armchair with an adult; bed shari
- L68 · _Safe Sleep Concern_ — - **Examination:** growth and general examination of the infant; developmental assessment; and assessment for 

## Corpus B/00_BUILD_QUEUE.md — 8 unmarked paediatric signals (population: mixed)
- L13 · _(no heading)_ — **Totals:** 807 items in `bl.md` · 54 already covered (framework children) · **753 to build** · 96 clusters.
- L20 · _0. Phase F0 — Rebuild of framework children (5 clusters) — COMPLETE_ — ## 0. Phase F0 — Rebuild of framework children (5 clusters) — COMPLETE
- L22 · _0. Phase F0 — Rebuild of framework children (5 clusters) — COMPLETE_ — The 54 items listed in `bl.md` as `(framework child)`. Rebuilt rather than cross-referenced.
- L25 · _0. Phase F0 — Rebuild of framework children (5 clusters) — COMPLETE_ — - **F0.2. Acid-base, DKA & fluid states** (9) — BUILT — interpretation framework · HAGMA (DKA, lactic) · NAGMA
- L26 · _0. Phase F0 — Rebuild of framework children (5 clusters) — COMPLETE_ — - **F0.3. Shock & sepsis phenotypes** (10) — BUILT — phenotype framework · hypovolaemic non-haemorrhagic · car
- L27 · _0. Phase F0 — Rebuild of framework children (5 clusters) — COMPLETE_ — - **F0.4. Resuscitation algorithms & emergency procedures** (14) — BUILT — A–E · BLS (DRSABCD) · ALS/ACLS/ILS 
- L113 · _13. Phase M — Paediatrics & neonatology (7 clusters)_ — ## 13. Phase M — Paediatrics & neonatology (7 clusters)
- L115 · _13. Phase M — Paediatrics & neonatology (7 clusters)_ — - **M1. The seriously unwell child** (9) · **M2. Fever in children** (6) · **M3. Neonatal problems** (11) · **

## Corpus B/00_BUILD_QUEUE_v2.md — 11 unmarked paediatric signals (population: mixed)
- L88 · _4.4 Sexual Health & STIs — 1 cluster, 3 parts_ — - **O6. Sexual & reproductive health** — a: STI assessment, testing & management · b: contraception & family p
- L125 · _6. WEEK 4 — Sep 21 to Sep 27 (MCQ1 on 27 Sept)_ — **Psychiatry (53) · Renal & Urology (61) · Paediatrics (31) · Haematology (21) · Public Health / Epi / Stats (
- L143 · _6.3 Paediatrics — 7 clusters, 15 parts_ — ### 6.3 Paediatrics — 7 clusters, 15 parts
- L144 · _6.3 Paediatrics — 7 clusters, 15 parts_ — - **M1. The seriously unwell child** — a: recognition & the unwell infant · b: the irritable, lethargic or pal
- L145 · _6.3 Paediatrics — 7 clusters, 15 parts_ — - **M2. Fever in children** — a: febrile child & fever without source · b: rash in a child, fever in the neona
- L146 · _6.3 Paediatrics — 7 clusters, 15 parts_ — - **M3. Neonatal problems** — a: neonatal jaundice, feeding, cyanosis · b: apnoea, BRUE, vomiting, minor neona
- L148 · _6.3 Paediatrics — 7 clusters, 15 parts_ — - **M5. Paediatric GI, GU & limb** — a: abdominal pain & vomiting in children · b: constipation, diarrhoea, en
- L149 · _6.3 Paediatrics — 7 clusters, 15 parts_ — - **M6. Paediatric respiratory & neurology** — a: wheeze & respiratory distress · b: seizures in children
- L150 · _6.3 Paediatrics — 7 clusters, 15 parts_ — - **M7. Adolescent & behavioural** — a: adolescent health & the HEADSS assessment · b: school refusal, behavio
- L192 · _7.5 GP, Preventive Medicine, Ethics & Communication — 3 clusters, 6 parts_ — - **P3. Safeguarding & forensic** — a: child protection & mandatory reporting · b: domestic violence, sexual a
- L197 · _7.6 Obstetrics — 3 clusters, 6 parts_ — - **O2. Later pregnancy & fetal** — a: hypertensive disorders & pre-eclampsia · b: preterm labour, fetal conce

## Corpus B/A10_Ethics__Capacity__Consent_and_Certification.md — 4 unmarked paediatric signals (population: mixed)
- L39 · _0.1 Capacity Assessment_ — > [!warning] Children and young people
- L40 · _0.1 Capacity Assessment_ — > Capacity in minors is assessed by **maturity and understanding rather than by age alone** — the principle us
- L192 · _0.5 Professional Practice Concern_ — > Confidentiality binds beyond the encounter, and its limits — mandatory reporting of child abuse, notifiable 
- L253 · _0.6.3 Mx – Chronic/long-term_ — > Delirium and reversible causes of incapacity → [[D2]] Altered Consciousness & Cognition · Goals of care in c

## Corpus B/A1_Emergency_-_Deteriorating_Patient__Sepsis__Cardiac_Arrest.md — 5 unmarked paediatric signals (population: mixed)
- L49 · _0.2 SIRS, Sepsis and Septic Shock — Definitions_ — *Unmodifiable:* Extremes of age, neonatal period, pregnancy and the postpartum period, asplenia, genetic immun
- L54 · _0.2 SIRS, Sepsis and Septic Shock — Definitions_ — **S/Smx:** Fever or hypothermia, rigors, tachycardia, tachypnoea, confusion, oliguria, mottled peripheries and
- L103 · _0.3.1 Mx – Immediate_ — As per 0.2.1, plus early surgical or interventional radiology referral where the phenotype implies drainage. C
- L132 · _0.4.1 Mx – Immediate_ — Call for help and the arrest trolley. Start chest compressions immediately. Attach the defibrillator as soon a
- L201 · _0.6.3 Mx – Chronic/long-term_ — > "Emergency Medicine Core Algorithms & Procedures" is an index item whose children — ACLS, BLS, ALS, ILS, int

## Corpus B/A2_Airway_Compromise__Stridor_and_Tracheostomy_Emergencies.md — 29 unmarked paediatric signals (population: mixed)
- L11 · _(no heading)_ — > Written from model knowledge, not retrieved from guidelines. Anatomy, localisation reasoning and discriminat
- L25 · _0.1 Airway Compromise — Recognition and Localisation_ — > | **Stridor** (harsh, high-pitched) | Larynx, subglottis, trachea | Inspiratory if extrathoracic; expiratory
- L26 · _0.1 Airway Compromise — Recognition and Localisation_ — > | **Wheeze** (musical, polyphonic) | Lower airways | Expiratory | Asthma, COPD, bronchiolitis |
- L27 · _0.1 Airway Compromise — Recognition and Localisation_ — > | **Grunting** | Not obstruction — expiration against a partly closed glottis to generate auto-PEEP | Expira
- L33 · _0.1 Airway Compromise — Recognition and Localisation_ — > In suspected epiglottitis or severe croup, particularly in a child: **no throat examination, no cannulation,
- L40 · _0.1.1 Mx – Immediate_ — Oxygen. Position of comfort — do not force supine. **Call for anaesthetic and ENT help at the moment of recogn
- L86 · _0.3 Chronic Upper Airway Obstruction_ — **R/Causes:** Laryngeal, hypopharyngeal or thyroid malignancy · large or retrosternal goitre · **post-intubati
- L98 · _0.3 Chronic Upper Airway Obstruction_ — **Ix:** Flexible nasendoscopy (*why:* the definitive assessment of the larynx and cord movement, and it is an 
- L115 · _0.4 Lower Airway Obstruction_ — **R/Causes:** Asthma and COPD (the great majority) · bronchiolitis in infants · **inhaled foreign body** · ana
- L120 · _0.4 Lower Airway Obstruction_ — > **Unilateral wheeze or reduced air entry in a child is a foreign body until proven otherwise**, particularly
- L125 · _0.4 Lower Airway Obstruction_ — **S/Smx:** Expiratory wheeze, prolonged expiratory phase, cough, dyspnoea, hyperinflated chest, accessory musc
- L127 · _0.4 Lower Airway Obstruction_ — **Ix:** Auscultation for the pattern and symmetry of wheeze (*why:* asymmetry is the finding that redirects yo
- L136 · _0.4.3 Mx – Chronic/long-term_ — Preventer optimisation, inhaler technique, action plan, and choking prevention advice for families of young ch
- L145 · _0.5 Acute Stridor_ — > **Neonate:** laryngomalacia (usually chronic, positional, improves prone), subglottic stenosis, vocal cord p
- L146 · _0.5 Acute Stridor_ — > **6 months – 3 years:** **croup** is the commonest by a wide margin · inhaled foreign body · bacterial trach
- L147 · _0.5 Acute Stridor_ — > **Any child:** epiglottitis — now rare in immunised populations following Hib vaccination, but consider it i
- L148 · _0.5 Acute Stridor_ — > **Adult:** anaphylaxis and angioedema · **adult supraglottitis, which is now more common than paediatric epi
- L150 · _0.5 Acute Stridor_ — > [!info] Croup versus epiglottitis
- L151 · _0.5 Acute Stridor_ — > | | Croup | Epiglottitis |
- L167 · _0.5 Acute Stridor_ — **Ix:** Clinical assessment without distressing the patient (*why:* examination can precipitate complete obstr
- L170 · _0.5.1 Mx – Immediate_ — Keep the patient calm and upright with a parent if a child. Oxygen if tolerated without distress. **Corticoste
- L176 · _0.5.3 Mx – Chronic/long-term_ — Croup is recurrent in some children and parents should have written advice on recognition and when to return. 
- L184 · _0.6 Chronic Stridor_ — **R/Causes:** In infants, **laryngomalacia is by far the commonest** — inspiratory stridor from birth or the f
- L188 · _0.6 Chronic Stridor_ — > [!warning] Which infant with stridor needs investigation rather than reassurance
- L189 · _0.6 Chronic Stridor_ — > Laryngomalacia is common and usually self-limiting, but reassurance is only safe when the pattern fits. **In
- L208 · _0.7 Noisy Breathing — The Discriminating Approach_ — **D:** An undifferentiated presentation, common in general practice and paediatrics, where the diagnostic task
- L215 · _0.7 Noisy Breathing — The Discriminating Approach_ — > **5. Is the patient distressed?** A noisy but comfortable, feeding, growing child is a very different proble
- L219 · _0.7 Noisy Breathing — The Discriminating Approach_ — > **Dismissing grunting as noise.** Grunting is not an airway sound at all — it is expiration against a partia
- L277 · _0.8.3 Mx – Chronic/long-term_ — > Anaphylaxis and angioedema in full → [[F0.1]] 0.9 · Acute asthma, COPD and croup context → [[F0.5]] 0.1–0.2 

## Corpus B/A3_Respiratory_Failure__Bronchospasm_and_Hypoxia.md — 1 unmarked paediatric signals (population: mixed)
- L124 · _0.4 Respiratory Arrest_ — **A/P:** Ventilation stops → PaO₂ falls and PaCO₂ rises → profound hypoxaemia and acidosis → **bradycardia, th

## Corpus B/A4_Dyspnoea__Cough_and_the_Solitary_Pulmonary_Nodule.md — 9 unmarked paediatric signals (population: mixed)
- L138 · _0.4 Acute Cough_ — **R/Causes:** Viral upper respiratory tract infection is by far the commonest. Also: acute bronchitis, pneumon
- L142 · _0.4 Acute Cough_ — > [!warning] Pertussis is under-diagnosed in adults and it matters
- L143 · _0.4 Acute Cough_ — > **Paroxysms of coughing, post-tussive vomiting, and an inspiratory whoop** — though adults frequently have p
- L151 · _0.4 Acute Cough_ — **S/Smx:** Cough with or without sputum, coryza, sore throat, fever, wheeze, chest pain, and the paroxysmal pa
- L153 · _0.4 Acute Cough_ — **Ix:** Usually none in an otherwise well patient with a clear viral picture (*why:* investigating uncomplicat
- L159 · _0.4.2 Mx – Definitive_ — Cause-specific. Notify and manage contacts for pertussis.
- L162 · _0.4.3 Mx – Chronic/long-term_ — Immunisation, including adult pertussis boosters in those around infants — pregnant women and household contac
- L168 · _0.5 Chronic Cough_ — **D:** Cough persisting beyond about eight weeks in an adult. `UNVERIFIED — the duration threshold and the pae
- L182 · _0.5 Chronic Cough_ — **R/Causes beyond the big three:** Smoking and chronic bronchitis · bronchiectasis · lung cancer · interstitia

## Corpus B/A5_Toxicology_II_-_Poisoned_Patient__ADRs_and_Immunotherapy.md — 5 unmarked paediatric signals (population: mixed)
- L21 · _0.1 The Poisoned Patient — Risk Assessment and General Approach_ — **A/P:** Outcome is determined by the interaction of agent, dose, time since exposure and patient factors — no
- L154 · _0.4 Carbon Monoxide Poisoning_ — > [!warning] Pregnancy and children
- L155 · _0.4 Carbon Monoxide Poisoning_ — > **Fetal haemoglobin binds carbon monoxide with higher affinity and clears it more slowly**, so the fetus is 
- L185 · _0.5 Adverse Drug Reaction_ — > A large proportion of patients labelled "penicillin allergic" are not. Most report gastrointestinal upset, a
- L186 · _0.5 Adverse Drug Reaction_ — > **Take an allergy history properly:** what exactly happened, how soon after the dose, what treatment was nee

## Corpus B/A6_Thermal_and_Environmental_Injury.md — 3 unmarked paediatric signals (population: mixed)
- L34 · _0.1 Heat Illness — The Spectrum_ — > **Heatwaves cause more deaths in Australia than any other natural hazard.** The at-risk groups are the elder
- L242 · _0.7 Drowning and Submersion Injury_ — > Drowning is frequently secondary to another event. **Seizure · arrhythmia — long QT syndrome type 1 is chara
- L258 · _0.7.3 Mx – Chronic/long-term_ — Investigate the precipitant, including cardiac assessment where arrhythmia is suspected and family screening f

## Corpus B/A7_Burns__Chemical_Injury__Wounds_and_Crush_Injury.md — 10 unmarked paediatric signals (population: mixed)
- L35 · _0.1 Burns — Assessment_ — > **Lund and Browder chart** in children — required, because a child's head accounts for a proportionally much
- L40 · _0.1 Burns — Assessment_ — > Referral is indicated for: burns exceeding a defined TBSA threshold · **any full thickness burn** · burns to
- L41 · _0.1 Burns — Assessment_ — > `UNVERIFIED — the TBSA percentage thresholds for referral, which differ for adults and children, are omitted
- L46 · _0.1 Burns — Assessment_ — > **Watch for hypothermia** during cooling, particularly in children and large burns. Cool the burn, warm the 
- L50 · _0.1 Burns — Assessment_ — **Ix:** Serial depth and TBSA assessment (*why:* depth evolves over the first 48 hours and the initial assessm
- L68 · _0.2 Burns — Resuscitation and Management_ — > `UNVERIFIED — the Parkland (or modified Parkland) formula, the crystalloid volume in mL/kg per %TBSA, the pr
- L77 · _0.2 Burns — Resuscitation and Management_ — > [!danger] Non-accidental injury
- L78 · _0.2 Burns — Resuscitation and Management_ — > Patterns raising concern in a child: **sharply demarcated "glove and stocking" or "doughnut" scald distribut
- L177 · _0.5 Minor Traumatic Wound_ — > Assess immunisation status and wound type — tetanus-prone wounds include those contaminated with soil, saliv
- L229 · _0.6.3 Mx – Chronic/long-term_ — > Inhalation and airway burns → [[A2]] 0.2 · Carbon monoxide poisoning → [[A5]] 0.4 · Electrical injury → [[A6

## Corpus B/A8_Foreign_Bodies_by_Site.md — 32 unmarked paediatric signals (population: mixed)
- L11 · _(no heading)_ — > Written from model knowledge, not retrieved from guidelines. Technique principles, discriminators and red fl
- L25 · _0.1 Foreign Bodies — General Principles_ — > **Any child with a possible button battery ingestion goes straight to imaging and straight to endoscopy.** D
- L26 · _0.1 Foreign Bodies — General Principles_ — > Australian children have died from this. It is a recurring public health campaign topic and a very plausible
- L32 · _0.1 Foreign Bodies — General Principles_ — > Button battery or multiple magnets at any site · a child who will not cooperate and cannot be safely immobil
- L35 · _0.1 Foreign Bodies — General Principles_ — > **A rectal or vaginal foreign body in a prepubertal child raises the possibility of sexual abuse and must be
- L57 · _0.2 Aural Foreign Body_ — **R/Causes:** Children — beads, small toys, food, paper, seeds. Adults — cotton bud tips, hearing aid componen
- L73 · _0.2 Aural Foreign Body_ — **Ix:** Otoscopy (*why:* identifies the object, its nature and position relative to the isthmus, and assesses 
- L76 · _0.2.1 Mx – Immediate_ — Assess the object. One well-prepared attempt with the appropriate technique. Adequate immobilisation in a chil
- L79 · _0.2.2 Mx – Definitive_ — ENT referral for failed removal, medial impaction, uncooperative child (often requiring removal under general 
- L88 · _0.3 Nasal Foreign Body_ — **D:** Object retained in the nasal cavity, most commonly in preschool children.
- L90 · _0.3 Nasal Foreign Body_ — > [!danger] Unilateral foul purulent nasal discharge in a child is a nasal foreign body until proven otherwise
- L91 · _0.3 Nasal Foreign Body_ — > This is the classic presentation, and the object has usually been there for days to weeks with the insertion
- L97 · _0.3 Nasal Foreign Body_ — > The parent occludes the unaffected nostril with a finger, makes a seal over the child's mouth, and gives a s
- L100 · _0.3 Nasal Foreign Body_ — > An object dislodged backwards may be aspirated. Keep the child upright, avoid blind instrumentation, and use
- L106 · _0.3 Nasal Foreign Body_ — **Ix:** Anterior rhinoscopy with adequate light, after topical decongestant and anaesthetic where tolerated (*
- L109 · _0.3.1 Mx – Immediate_ — Keep the child calm and upright. Topical decongestant and anaesthetic. **Try the parent's kiss first for anter
- L112 · _0.3.2 Mx – Definitive_ — ENT removal under general anaesthesia where attempts fail or the child cannot cooperate.
- L183 · _0.6 Swallowed Foreign Body_ — **A/P:** Objects lodge at points of physiological narrowing: the **cricopharyngeus** (commonest, particularly 
- L187 · _0.6 Swallowed Foreign Body_ — > **2. Two or more magnets, or one magnet plus another metallic object** — they attract across bowel loops, tr
- L190 · _0.6 Swallowed Foreign Body_ — > `UNVERIFIED — the specific time windows for removal in each category, the object size and length thresholds 
- L193 · _0.6 Swallowed Foreign Body_ — > **A button battery shows a "double ring" or halo sign on the frontal view and a step-off on the lateral view
- L198 · _0.6 Swallowed Foreign Body_ — **S/Smx:** Often asymptomatic. Otherwise: drooling, dysphagia, odynophagia, retrosternal pain, vomiting, refus
- L200 · _0.6 Swallowed Foreign Body_ — **Ix:** Plain radiography from neck to pelvis in children (*why:* localises radio-opaque objects and, critical
- L241 · _0.7.3 Mx – Chronic/long-term_ — Sensitive discussion of safer practice where relevant, and assessment for underlying psychiatric illness, inte
- L247 · _0.8 Vaginal Foreign Body_ — **D:** Object retained in the vagina, differing substantially in significance between children and adults.
- L249 · _0.8 Vaginal Foreign Body_ — > [!danger] In a prepubertal child, this is a safeguarding presentation
- L250 · _0.8 Vaginal Foreign Body_ — > **Offensive, bloody or persistent vaginal discharge in a prepubertal girl is a foreign body until proven oth
- L251 · _0.8 Vaginal Foreign Body_ — > **Do not perform an intrusive vaginal examination on a child in the emergency department.** Examination and 
- L253 · _0.8 Vaginal Foreign Body_ — **R/Causes:** *Children:* toilet paper, small toys, beads. *Adults:* **retained tampon** (the commonest), reta
- L262 · _0.8 Vaginal Foreign Body_ — **Ix:** Speculum examination in an adult (*why:* usually both diagnostic and therapeutic, and directly visuali
- L265 · _0.8.1 Mx – Immediate_ — Removal in an adult, usually straightforward with a speculum and sponge forceps. **In a child, do not attempt 
- L271 · _0.8.3 Mx – Chronic/long-term_ — Pessary care education and **a scheduled review interval for anyone with a pessary in situ**, since forgotten 

## Corpus B/A9_Transfusion__Coagulopathy_and_Anticoagulant_Emergencies.md — 2 unmarked paediatric signals (population: mixed)
- L112 · _0.3 Coagulopathy — Assessment Framework_ — > **A patient who has had dental extractions, surgery and childbirth without abnormal bleeding almost certainl
- L113 · _0.3 Coagulopathy — Assessment Framework_ — > Ask specifically: bruising, epistaxis, gum bleeding, menstrual heaviness, bleeding after dental work, surger

## Corpus B/B2_Hypertension_Spectrum.md — 1 unmarked paediatric signals (population: mixed)
- L174 · _0.4.3 Mx – Chronic/long-term_ — > Aortic dissection and the six chest pain life threats → [[B1]] 0.1 · Acute pulmonary oedema and SCAPE → [[F0

## Corpus B/B3_Arrhythmia__Bradycardia_and_Cardiac_Devices.md — 1 unmarked paediatric signals (population: adult)
- L108 · _0.3 Broad Complex Tachycardia_ — > Causes of QT prolongation: **drugs** — many antipsychotics, antiemetics including ondansetron and metoclopra

## Corpus B/B5_Murmurs__Endocarditis_and_Vascular_Disease.md — 7 unmarked paediatric signals (population: mixed)
- L21 · _0.1 Heart Murmurs — Assessment_ — > **Innocent systolic murmurs** are soft, early or mid-systolic, without radiation or thrill, with normal puls
- L45 · _0.1 Heart Murmurs — Assessment_ — > [!warning] Murmurs in children
- L46 · _0.1 Heart Murmurs — Assessment_ — > Innocent murmurs are very common. **Red flags requiring assessment: any diastolic murmur · a harsh or loud m
- L47 · _0.1 Heart Murmurs — Assessment_ — > **Feel the femoral pulses in every child with a murmur** — coarctation is missed for years by not doing so.
- L70 · _0.2 New and Changing Murmur_ — > Risk groups: **prosthetic valves · previous endocarditis · congenital heart disease · injecting drug use** (
- L105 · _0.3 Peripartum Cardiomyopathy_ — *Unmodifiable:* Multiparity, multiple gestation, older maternal age, African ancestry, family history.
- L123 · _0.3.1 Mx – Immediate_ — Oxygen, sit upright, and manage acute pulmonary oedema — cross-refer [[F0.5]] 0.3. **Involve obstetrics, cardi

## Corpus B/B6_Oedema__Fatigue__Weakness_and_Undifferentiated_Presentations.md — 1 unmarked paediatric signals (population: adult)
- L23 · _0.1 Oedema — Mechanism and Framework_ — **4. Impaired lymphatic drainage** — lymphoedema from surgery, radiotherapy, malignancy, infection or congenit

## Corpus B/C1_Acute_Abdomen.md — 8 unmarked paediatric signals (population: mixed)
- L94 · _0.2 Assessment, Peritonism and the Core Investigations_ — **Ix — the core panel for every acute abdomen:** **Pregnancy test (β-hCG) in every woman of reproductive age**
- L189 · _0.5.3 Mx – Chronic/long-term_ — **Post-splenectomy care is a recurring exam topic and a genuine clinical duty**: immunisation against encapsul
- L211 · _0.6 Right Lower Quadrant (Right Iliac Fossa) Pain_ — > **Mesenteric adenitis** — children and adolescents, often after a viral illness, with tender mobile nodes an
- L219 · _0.6 Right Lower Quadrant (Right Iliac Fossa) Pain_ — **Ix:** **Pregnancy test** (*why:* the first branch point in any woman of reproductive age; *what:* positive).
- L331 · _0.10 Abdominal Trauma_ — > **Pancreatic and duodenal injury** — retroperitoneal, subtle on early imaging, classically from a **handleba
- L369 · _0.11 The Acute Abdomen in Special Groups_ — > [!tip] Children
- L371 · _0.11 The Acute Abdomen in Special Groups_ — > **· Bilious vomiting in a neonate or infant is malrotation with volvulus until proven otherwise** — a surgic
- L391 · _0.11.3 Mx – Chronic/long-term_ — > Nausea and vomiting → [[C2]] · Jaundice and liver failure → [[C3]] · GI bleeding → [[C4]] · Bowel obstructio

## Corpus B/C2_Nausea_and_Vomiting.md — 15 unmarked paediatric signals (population: mixed)
- L11 · _(no heading)_ — > Written from model knowledge, not retrieved from guidelines. Mechanism, receptor pharmacology and discrimina
- L53 · _0.2 Acute Vomiting — Differential and Red Flags_ — > **· Bilious vomiting** — obstruction distal to the ampulla; in a neonate, a surgical emergency (see 0.3)
- L57 · _0.2 Acute Vomiting — Differential and Red Flags_ — > **· Projectile vomiting** in an infant — pyloric stenosis
- L68 · _0.2 Acute Vomiting — Differential and Red Flags_ — > **Infective** — any systemic sepsis; in children and the elderly, urinary tract infection and pneumonia comm
- L79 · _0.2 Acute Vomiting — Differential and Red Flags_ — **S/Smx:** As above, with careful attention to hydration — dry mucous membranes, reduced skin turgor, tachycar
- L81 · _0.2 Acute Vomiting — Differential and Red Flags_ — **Ix:** **UEC with chloride and bicarbonate** (*why:* protracted vomiting causes hypokalaemic hypochloraemic m
- L98 · _0.3 Bilious versus Non-Bilious Vomiting_ — > [!danger] Bilious vomiting in a neonate is malrotation with midgut volvulus until proven otherwise
- L100 · _0.3 Bilious versus Non-Bilious Vomiting_ — > The infant may initially look well, which is exactly the trap — **abdominal signs and shock are late.**
- L101 · _0.3 Bilious versus Non-Bilious Vomiting_ — > **Any bilious vomiting in a neonate requires urgent surgical review and an urgent upper gastrointestinal con
- L102 · _0.3 Bilious versus Non-Bilious Vomiting_ — > Other neonatal causes of bilious vomiting: duodenal, jejunal or ileal atresia, meconium ileus, Hirschsprung 
- L104 · _0.3 Bilious versus Non-Bilious Vomiting_ — > [!info] Non-bilious projectile vomiting in an infant — pyloric stenosis
- L116 · _0.3 Bilious versus Non-Bilious Vomiting_ — **Ix:** **Urgent upper GI contrast study in a neonate with bilious vomiting** (*why:* it identifies malrotatio
- L119 · _0.3.1 Mx – Immediate_ — **Neonate with bilious vomiting: nil by mouth, nasogastric decompression, IV fluids, urgent surgical referral 
- L120 · _0.3.1 Mx – Immediate_ — **Infant with suspected pyloric stenosis: nasogastric decompression, IV fluid and electrolyte correction. Do n
- L144 · _0.4 Chronic and Refractory Nausea and Vomiting_ — > **Cyclical vomiting syndrome** — stereotyped episodes with well periods between, often with a personal or fa

## Corpus B/C3_Jaundice_and_Liver_Disease.md — 3 unmarked paediatric signals (population: mixed)
- L35 · _0.1 Jaundice — Mechanism and Classification_ — > **A raised ALP with a NORMAL GGT points away from the liver** — think **bone** (Paget disease, metastases, o
- L77 · _0.2 Unconjugated Hyperbilirubinaemia_ — > **Neonatal jaundice** — physiological versus pathological, with **jaundice in the first 24 hours of life alw
- L287 · _0.7.3 Mx – Chronic/long-term_ — > Right upper quadrant pain and biliary disease → [[C1]] 0.3 · Ascending cholangitis → [[F0.3]] 0.11 · Paracet

## Corpus B/C4_Gastrointestinal_Bleeding.md — 6 unmarked paediatric signals (population: mixed)
- L141 · _0.4 Lower Gastrointestinal Bleeding_ — **R/Causes:** **Diverticular bleeding** — the commonest cause of significant lower GI haemorrhage; characteris
- L158 · _0.4 Lower Gastrointestinal Bleeding_ — > **Massive painless bleeding in a child or young adult** — **Meckel's diverticulum** with ectopic gastric muc
- L160 · _0.4 Lower Gastrointestinal Bleeding_ — > [!warning] In children
- L161 · _0.4 Lower Gastrointestinal Bleeding_ — > The differential is different: **intussusception** (redcurrant jelly stool, colicky pain, drawing up the leg
- L163 · _0.4 Lower Gastrointestinal Bleeding_ — **Ix:** **Upper endoscopy first in the unstable patient** (*why:* excludes the brisk upper bleed masquerading 
- L217 · _0.5.3 Mx – Chronic/long-term_ — > Acute abdomen and perforation → [[C1]] · Vomiting and Mallory-Weiss versus Boerhaave → [[C2]] 0.7 · Cirrhosi

## Corpus B/C5_Bowel_Habit__Obstruction_and_Distension.md — 8 unmarked paediatric signals (population: mixed)
- L84 · _0.2 Constipation_ — > **· Neurological** — Parkinson disease, multiple sclerosis, spinal cord lesions, cauda equina, autonomic neu
- L104 · _0.2 Constipation_ — > `UNVERIFIED — all agents, doses and the disimpaction regimens for adults and children.`
- L121 · _0.2.3 Mx – Chronic/long-term_ — Maintenance therapy — **in children in particular, maintenance laxatives are stopped far too early, causing re
- L136 · _0.3 Acute Diarrhoea and Gastroenteritis_ — > **Antibiotics and antimotility agents both increase the risk of haemolytic uraemic syndrome** — the triad of
- L137 · _0.3 Acute Diarrhoea and Gastroenteritis_ — > **So: bloody diarrhoea in a child, with abdominal pain, is a reason NOT to reach for antibiotics or loperami
- L150 · _0.3 Acute Diarrhoea and Gastroenteritis_ — > **Oral rehydration is the cornerstone and is under-used** — oral rehydration solution is at least as effecti
- L254 · _0.6 Tenesmus and Rectal Symptoms_ — > **Rectal prolapse** — full-thickness protrusion, associated with chronic straining, and in children with cys
- L271 · _0.6.3 Mx – Chronic/long-term_ — > Acute abdomen and the surgical emergencies → [[C1]] · Nausea, vomiting and antiemetic choice → [[C2]] · Cirr

## Corpus B/C6_Dyspepsia__Oesophageal_and_Anorectal_Disease.md — 4 unmarked paediatric signals (population: mixed)
- L205 · _0.5 Anal Lump_ — > **Rectal prolapse** — full-thickness, with concentric mucosal rings, as opposed to the radial folds of prola
- L231 · _0.6 Pruritus Ani_ — > **Infection** — **threadworm (*Enterobius*)**, especially in children, with **intense nocturnal perianal itc
- L237 · _0.6 Pruritus Ani_ — > [!warning] Threadworm in a child
- L246 · _0.6 Pruritus Ani_ — **Ix:** **Examination in good light, including inspection for a rash, fissure, tag, prolapse or lesion** (*why

## Corpus B/C7_Pancreatobiliary_Disease.md — 1 unmarked paediatric signals (population: mixed)
- L22 · _0.1 Acute Pancreatitis — Diagnosis and Severity_ — > **I**diopathic · **G**allstones · **E**thanol · **T**rauma · **S**teroids · **M**umps and other infections ·

## Corpus B/D1_Headache_and_Meningism.md — 12 unmarked paediatric signals (population: mixed)
- L137 · _0.3 Primary Headache Disorders_ — > **Two safety points on prophylaxis:** **topiramate is teratogenic and interacts with hormonal contraception*
- L232 · _0.5 Meningism, Meningitis and Encephalitis_ — **D:** **Meningism** is the clinical syndrome of headache, neck stiffness and photophobia from meningeal irrit
- L245 · _0.5 Meningism, Meningitis and Encephalitis_ — > **In infants**: fever or hypothermia, poor feeding, irritability, lethargy, a bulging fontanelle, and **freq
- L249 · _0.5 Meningism, Meningitis and Encephalitis_ — > **Adults and older children:** *Streptococcus pneumoniae*, *Neisseria meningitidis*.
- L251 · _0.5 Meningism, Meningitis and Encephalitis_ — > **Neonates:** group B *Streptococcus*, *E. coli*, *Listeria*.
- L283 · _0.5.3 Mx – Chronic/long-term_ — **Formal audiology after bacterial meningitis, particularly in children — sensorineural hearing loss is a comm
- L292 · _0.6 Neck Stiffness — The Differential_ — > **Cervical spine** — trauma with fracture or ligamentous injury, **atlantoaxial instability (rheumatoid arth
- L293 · _0.6 Neck Stiffness — The Differential_ — > **Deep neck space infection** — **retropharyngeal abscess** (a child who will not move their neck, drooling,
- L297 · _0.6 Neck Stiffness — The Differential_ — > **Systemic** — tonsillitis and cervical lymphadenitis in children, and severe pneumonia (particularly upper 
- L299 · _0.6 Neck Stiffness — The Differential_ — > [!danger] In a child with neck stiffness, the two to exclude urgently
- L300 · _0.6 Neck Stiffness — The Differential_ — > **Meningitis** and **retropharyngeal abscess.** A child who holds the neck rigidly, refuses to move it, droo
- L316 · _0.6.3 Mx – Chronic/long-term_ — > Acute severe headache in the emergency context → [[F0.5]] 0.6 · Meningococcal sepsis and contact prophylaxis

## Corpus B/D2_Altered_Consciousness_and_Cognition.md — 1 unmarked paediatric signals (population: mixed)
- L49 · _0.1 Reduced Consciousness_ — > **A total of 9 can mean E2V2M5 or E4V1M4 — very different patients.** Record eye, verbal and motor separatel

## Corpus B/D4_Weakness__Neuropathy_and_Radiculopathy.md — 2 unmarked paediatric signals (population: mixed)
- L211 · _0.5 Neuromuscular Junction Disorders_ — > Sources: contaminated food, wound botulism in injecting drug users, and **infant botulism from honey**, whic
- L231 · _0.6 Myopathy_ — > **Difficulty rising from a chair or a low toilet, climbing stairs, and raising the arms above the head to wa

## Corpus B/D5_Dizziness__Vertigo_and_Gait.md — 3 unmarked paediatric signals (population: mixed)
- L227 · _0.6 Nystagmus_ — > **Opsoclonus** — chaotic multidirectional saccades. **Paraneoplastic — neuroblastoma in children, and lung o
- L228 · _0.6 Nystagmus_ — > **Congenital nystagmus** — present from infancy, usually horizontal, with a null point, and **no oscillopsia
- L230 · _0.6 Nystagmus_ — **Ix:** **Careful characterisation of the nystagmus itself** (*why:* direction, plane and the effect of fixati

## Corpus B/D6_Seizures_and_Movement_Disorders.md — 8 unmarked paediatric signals (population: mixed)
- L11 · _(no heading)_ — > Written from model knowledge, not retrieved from guidelines. Classification, mechanism and discriminators ar
- L34 · _0.1 Seizures — Classification and the First Seizure_ — > **· Sleep deprivation · infection, including meningitis and encephalitis · fever in a young child · eclampsi
- L82 · _0.2 Status Epilepticus_ — > `UNVERIFIED — all agents, doses, routes and repeat intervals are omitted. Obtain them from your health netwo
- L95 · _0.2 Status Epilepticus_ — > **· Neonatal seizures — pyridoxine-dependent epilepsy** is a rare but important consideration.
- L118 · _0.3 Epilepsy Management_ — > [!danger] Sodium valproate and women of childbearing potential
- L119 · _0.3 Epilepsy Management_ — > **Valproate is highly teratogenic and causes neurodevelopmental impairment in a substantial proportion of ex
- L275 · _0.6 Chorea, Dystonia, Tics and Myoclonus_ — > **Tourette syndrome** — multiple motor tics plus at least one vocal tic, with childhood onset. **Comorbid AD
- L276 · _0.6 Chorea, Dystonia, Tics and Myoclonus_ — > Management: education and reassurance first (many improve through adolescence), behavioural therapy (habit r

## Corpus B/D7_Cranial_Nerves_and_Special_Senses.md — 2 unmarked paediatric signals (population: mixed)
- L70 · _0.2 Facial Palsy_ — > **Varicella zoster reactivation in the geniculate ganglion**, producing facial palsy with **vesicles in the 
- L122 · _0.3 Diplopia and Disorders of Eye Movement_ — > **· In a child, Horner syndrome with heterochromia = consider neuroblastoma.**

## Corpus B/F0-1_Toxidromes__Allergic_Emergencies_and_Envenomation.md — 4 unmarked paediatric signals (population: mixed)
- L213 · _0.7 Beta-Blocker and Calcium Channel Blocker Overdose_ — **R/Causes:** Deliberate ingestion; accidental paediatric ingestion, where a small number of tablets of a slow
- L228 · _0.7 Beta-Blocker and Calcium Channel Blocker Overdose_ — > Onset can be delayed by many hours, so an initially well patient is not reassuring. A paediatric exploratory
- L241 · _0.7.3 Mx – Chronic/long-term_ — Mental health assessment. Where paediatric and exploratory, medication storage counselling and safeguarding co
- L302 · _0.9.1 Mx – Immediate_ — Remove the trigger where possible. Lie flat with legs elevated. **Intramuscular adrenaline into the anterolate

## Corpus B/F0-2_Acid-Base__DKA_and_Fluid_States.md — 20 unmarked paediatric signals (population: mixed)
- L11 · _(no heading)_ — > Written from model knowledge, not retrieved from guidelines. Mechanism, interpretive method and discriminato
- L88 · _0.3 Adult Diabetic Ketoacidosis — Management_ — *Unmodifiable:* Type 1 diabetes, previous DKA episodes, adolescence and young adulthood.
- L111 · _0.4 Paediatric Diabetic Ketoacidosis_ — ## 0.4 Paediatric Diabetic Ketoacidosis
- L113 · _0.4 Paediatric Diabetic Ketoacidosis_ — **D:** DKA in a child or adolescent, managed differently from the adult because of the risk of cerebral oedema
- L115 · _0.4 Paediatric Diabetic Ketoacidosis_ — **A/P:** The metabolic derangement is identical to the adult. What differs is that children are at meaningfull
- L117 · _0.4 Paediatric Diabetic Ketoacidosis_ — > [!danger] Cerebral oedema — the reason the paediatric protocol exists
- L118 · _0.4 Paediatric Diabetic Ketoacidosis_ — > Typically occurs some hours *into* treatment, when the child appeared to be improving. Warning signs: **head
- L120 · _0.4 Paediatric Diabetic Ketoacidosis_ — > [!warning] Do not apply the adult protocol to a child
- L121 · _0.4 Paediatric Diabetic Ketoacidosis_ — > Fluid deficit estimation, rehydration rate, insulin infusion rate and the timing of insulin initiation all d
- L123 · _0.4 Paediatric Diabetic Ketoacidosis_ — **S/Smx:** Polyuria and polydipsia, which in a young child may present as new bedwetting after being dry. Weig
- L125 · _0.4 Paediatric Diabetic Ketoacidosis_ — **Ix:** Bedside glucose and beta-hydroxybutyrate (*why:* immediate diagnosis at the front door in a child who 
- L128 · _0.4.1 Mx – Immediate_ — Senior paediatric involvement from the outset — this is not a junior-managed condition. Weigh the child. Cauti
- L131 · _0.4.2 Mx – Definitive_ — Continued protocolised correction with transition to subcutaneous insulin. Paediatric endocrinology involvemen
- L134 · _0.4.3 Mx – Chronic/long-term_ — Diabetes education for child and family, school management plan, and psychosocial support. In adolescents, rec
- L208 · _0.7 Metabolic Alkalosis — Profuse Vomiting and Diuretic Use_ — > Prolonged nasogastric drainage, gastric outlet obstruction and pyloric stenosis all produce this picture. In
- L235 · _0.8 Mixed Acid-Base Disorder — Salicylate Toxicity_ — > Adults typically present with the mixed picture and a near-normal or alkalotic pH. **Children more often pre
- L266 · _0.9 Isotonic Dehydration_ — > Isotonic dehydration is the commonest pattern in gastroenteritis and is easy to underestimate precisely beca
- L268 · _0.9 Isotonic Dehydration_ — **S/Smx:** Tachycardia, prolonged capillary refill, dry mucous membranes, reduced skin turgor, sunken eyes and
- L270 · _0.9 Isotonic Dehydration_ — **Ix:** UEC (*why:* confirms the isotonic pattern and identifies the renal impairment that accompanies signifi
- L273 · _0.9.1 Mx – Immediate_ — Isotonic crystalloid replacement, given as boluses with reassessment after each in shock, or as calculated rep

## Corpus B/F0-3_Shock_Phenotypes_and_Sepsis_Syndromes.md — 23 unmarked paediatric signals (population: mixed)
- L11 · _(no heading)_ — > Written from model knowledge, not retrieved from guidelines. Mechanism, haemodynamic reasoning and discrimin
- L38 · _0.1 Shock — Recognition and Phenotype Framework_ — > Young patients, pregnant patients and children maintain blood pressure by vasoconstriction and tachycardia u
- L63 · _0.2 Hypovolaemic Shock — Non-Haemorrhagic_ — **S/Smx:** Thirst, dry mucous membranes, reduced skin turgor, flat neck veins, tachycardia, postural drop, col
- L71 · _0.2 Hypovolaemic Shock — Non-Haemorrhagic_ — **Ix:** UEC (*why:* identifies the pattern and severity of losses and the renal consequence; *what:* urea rais
- L74 · _0.2.1 Mx – Immediate_ — Isotonic crystalloid in boluses with reassessment after each. Balanced crystalloid is generally preferred to l
- L185 · _0.6 Distributive Shock — Adrenal (Addisonian) Crisis_ — **R/Causes:** Known Addison's disease with an intercurrent illness and no stress dosing; **abrupt cessation of
- L192 · _0.6 Distributive Shock — Adrenal (Addisonian) Crisis_ — > Hydrocortisone is given immediately. The diagnosis is confirmed afterwards. `UNVERIFIED — hydrocortisone dos
- L241 · _0.8 Paediatric Sepsis_ — ## 0.8 Paediatric Sepsis
- L243 · _0.8 Paediatric Sepsis_ — **D:** Sepsis in a child, where the physiology of compensation differs enough from the adult to change both re
- L245 · _0.8 Paediatric Sepsis_ — **A/P:** Children maintain cardiac output primarily by **increasing heart rate**, having limited capacity to i
- L247 · _0.8 Paediatric Sepsis_ — > [!danger] Hypotension in a child is a pre-terminal sign
- L248 · _0.8 Paediatric Sepsis_ — > **Do not use blood pressure to decide whether a child is shocked.** By the time it falls, the child is close
- L250 · _0.8 Paediatric Sepsis_ — > [!warning] Two paediatric-specific traps
- L251 · _0.8 Paediatric Sepsis_ — > **Cold shock is more common than warm shock in children** — the reverse of the adult pattern. A cold, mottle
- L252 · _0.8 Paediatric Sepsis_ — > **The parent's assessment carries weight.** "She's not like this when she's sick" from a parent who knows th
- L254 · _0.8 Paediatric Sepsis_ — **S/Smx:** Tachycardia for age, tachypnoea, prolonged capillary refill, mottled or cold peripheries, lethargy 
- L256 · _0.8 Paediatric Sepsis_ — **Ix:** Bedside glucose (*why:* children have limited glycogen stores and become hypoglycaemic quickly when un
- L259 · _0.8.1 Mx – Immediate_ — High-flow oxygen, IV or intraosseous access early — do not persist with difficult cannulation in a shocked chi
- L262 · _0.8.2 Mx – Definitive_ — Early inotrope or vasopressor if shock persists after initial fluid — children move to inotropes sooner than a
- L274 · _0.9 Meningococcal Sepsis_ — *Unmodifiable:* Infancy and adolescence (the two peaks), asplenia, complement deficiency (particularly termina
- L279 · _0.9 Meningococcal Sepsis_ — **S/Smx:** Fever, headache, vomiting, limb pain, cold hands and feet, and abnormal skin colour — **limb pain, 
- L290 · _0.9 Meningococcal Sepsis_ — **Ix:** Blood cultures (*why:* the organism grows from blood and confirms the diagnosis, with the caveat that 
- L308 · _0.10 Urosepsis and Gram-Negative Septic Shock_ — *Unmodifiable:* Female sex for uncomplicated UTI, male sex and older age for complicated disease, congenital u

## Corpus B/F0-4_Resuscitation_Algorithms_and_Emergency_Procedures.md — 30 unmarked paediatric signals (population: mixed)
- L11 · _(no heading)_ — > Written from model knowledge, not retrieved from guidelines. Sequence, decision points and traps are reliabl
- L31 · _0.1 The A–E Approach_ — > The extension to **ABCDEFG** is not standardised. In paediatric teaching it usually adds **Fluids and Glucos
- L121 · _0.4 Paediatric Resuscitation_ — ## 0.4 Paediatric Resuscitation
- L123 · _0.4 Paediatric Resuscitation_ — **D:** Resuscitation of an infant or child, following the ANZCOR paediatric algorithms.
- L125 · _0.4 Paediatric Resuscitation_ — **A/P:** The critical difference from adults: **paediatric arrest is usually asphyxial rather than arrhythmic.
- L127 · _0.4 Paediatric Resuscitation_ — > [!danger] The child who arrests was deteriorating for hours
- L128 · _0.4 Paediatric Resuscitation_ — > Recognition of the seriously unwell child, not the arrest algorithm, is where paediatric lives are saved. Cr
- L131 · _0.4 Paediatric Resuscitation_ — > Every drug dose, fluid volume and defibrillation energy is weight-based. Use a **length-based resuscitation 
- L134 · _0.4 Paediatric Resuscitation_ — > **Move to intraosseous access early.** Persisting with difficult peripheral cannulation in a shocked or arre
- L136 · _0.4 Paediatric Resuscitation_ — **Ix:** Bedside glucose (*why:* children have small glycogen stores, become hypoglycaemic rapidly when unwell,
- L139 · _0.4.1 Mx – Immediate_ — Effective ventilation and oxygenation are the priority. Compressions per the age-appropriate technique and rat
- L142 · _0.4.2 Mx – Definitive_ — Reversible causes, then transfer to a paediatric intensive care service. Australian paediatric retrieval servi
- L149 · _0.5 Neonatal Resuscitation_ — ## 0.5 Neonatal Resuscitation
- L151 · _0.5 Neonatal Resuscitation_ — **D:** Support of the newborn's transition to extrauterine life at birth, following the ANZCOR newborn algorit
- L153 · _0.5 Neonatal Resuscitation_ — **A/P:** In utero the lungs are fluid-filled and pulmonary vascular resistance is high, with the circulation s
- L159 · _0.5 Neonatal Resuscitation_ — > A rising heart rate is the earliest and most reliable sign that ventilation is effective. If the heart rate 
- L162 · _0.5 Neonatal Resuscitation_ — > Resuscitation of the **term** newborn commences in air rather than 100% oxygen, with oxygen titrated against
- L164 · _0.5 Neonatal Resuscitation_ — **Ix:** Continuous heart rate assessment, ideally by ECG (*why:* auscultation and palpation underestimate hear
- L170 · _0.5.2 Mx – Definitive_ — Neonatal team involvement and admission to a neonatal unit. Consideration of therapeutic hypothermia for hypox
- L173 · _0.5.3 Mx – Chronic/long-term_ — Neurodevelopmental follow-up. Parental support and debrief. Documentation of the resuscitation for the obstetr
- L305 · _0.10 Paediatric Analgesia_ — ## 0.10 Paediatric Analgesia
- L307 · _0.10 Paediatric Analgesia_ — **D:** Pain management in children, where under-treatment is the dominant problem and the assessment tools, ro
- L309 · _0.10 Paediatric Analgesia_ — > [!danger] Children are systematically under-analgesed
- L310 · _0.10 Paediatric Analgesia_ — > Preverbal children, children with developmental disability, and infants are the most under-treated. **Absenc
- L312 · _0.10 Paediatric Analgesia_ — > [!tip] Route matters more in children
- L313 · _0.10 Paediatric Analgesia_ — > **Intranasal fentanyl** is widely used in Australian emergency departments for acute severe pain — it is fas
- L315 · _0.10 Paediatric Analgesia_ — > [!danger] Codeine is contraindicated in children
- L316 · _0.10 Paediatric Analgesia_ — > Codeine is a prodrug requiring CYP2D6 conversion to morphine, and ultra-rapid metabolisers — a substantial m
- L319 · _0.10 Paediatric Analgesia_ — > Every paediatric analgesic dose is weight-based with a maximum. Aspirin is avoided in children because of Re
- L321 · _0.10 Paediatric Analgesia_ — **Ix:** Age-appropriate pain assessment (*why:* the tool must match developmental stage or it measures nothing

## Corpus B/F0-5_Acute_Respiratory__Headache_and_Head_Injury.md — 4 unmarked paediatric signals (population: mixed)
- L47 · _0.1.3 Mx – Chronic/long-term_ — **Every acute presentation is a preventer failure until proven otherwise.** Check inhaler technique in person,
- L246 · _0.8 Minor Head Injury_ — > **Children:** Australian practice uses the **PREDICT** guideline, which incorporates and adapts the PECARN r
- L319 · _0.10 Tonsillitis and Peritonsillar Abscess (Quinsy)_ — > **Epiglottitis** — rapid onset, severe odynophagia out of proportion to visible findings, drooling, tripod p
- L320 · _0.10 Tonsillitis and Peritonsillar Abscess (Quinsy)_ — > **Retropharyngeal abscess** — neck stiffness, refusal to move the neck, and a child who looks unwell.
